lat,lon,alt,date,device,os,version
40.7296676636,-73.9934768677,14.5652666092,2017-03-30 23:42:56,"iPhone7,2",10.2.1,1.1
40.7285232544,-73.9938354492,14.5652666092,2017-03-30 23:45:04,"iPhone7,2",10.2.1,1.1
40.7296028137,-73.9934692383,14.4577283859,2017-03-30 23:47:12,"iPhone7,2",10.2.1,1.1
40.7357673645,-73.9906616211,13.2710437775,2017-03-31 01:08:16,"iPhone7,2",10.2.1,1.1
40.7495918274,-73.9875183105,15,2017-03-31 01:12:32,"iPhone7,2",10.2.1,1.1
40.7556648254,-73.989654541,24.0122013092,2017-03-31 01:18:56,"iPhone7,2",10.2.1,1.1
40.7589988708,-74.0086517334,18.3589496613,2017-03-31 01:50:56,"iPhone7,2",10.2.1,1.1
40.7598114014,-74.0224914551,2.37131118774,2017-03-31 01:55:12,"iPhone7,2",10.2.1,1.1
40.7776374817,-74.0089569092,4.37698364258,2017-03-31 02:01:36,"iPhone7,2",10.2.1,1.1
40.7905845642,-73.9958190918,7.79408454895,2017-03-31 02:05:52,"iPhone7,2",10.2.1,1.1
40.8052406311,-73.9922866821,4.51090669632,2017-03-31 02:12:16,"iPhone7,2",10.2.1,1.1
40.7941246033,-73.9806137085,5.59674072266,2017-03-31 13:02:56,"iPhone7,2",10.2.1,1.1
40.8027687073,-73.9940948486,5.59674072266,2017-03-31 13:09:20,"iPhone7,2",10.2.1,1.1
40.8200531006,-73.9864959717,5.59674072266,2017-03-31 13:15:44,"iPhone7,2",10.2.1,1.1
40.8425292969,-73.9954071045,5.59674072266,2017-03-31 13:24:16,"iPhone7,2",10.2.1,1.1
40.8296508789,-73.9917144775,5.59674072266,2017-03-31 13:39:12,"iPhone7,2",10.2.1,1.1
40.8071594238,-73.9934234619,5.59674072266,2017-03-31 13:47:44,"iPhone7,2",10.2.1,1.1
40.8188095093,-73.988571167,13.4391994476,2017-03-31 19:26:56,"iPhone7,2",10.2.1,1.1
40.8309822083,-73.9926376343,37.5702934265,2017-03-31 19:33:20,"iPhone7,2",10.2.1,1.1
40.8401908875,-73.9874954224,80.5621261597,2017-03-31 19:37:36,"iPhone7,2",10.2.1,1.1
40.835308075,-73.9905929565,78.7794036865,2017-03-31 19:56:48,"iPhone7,2",10.2.1,1.1
40.8164710999,-73.9891738892,66.9705734253,2017-03-31 20:05:20,"iPhone7,2",10.2.1,1.1
40.7776641846,-73.9960098267,4.77859306335,2017-03-31 20:11:44,"iPhone7,2",10.2.1,1.1
40.8033103943,-73.992401123,7.15346384048,2017-03-31 20:18:08,"iPhone7,2",10.2.1,1.1
40.8085784912,-73.9914932251,21.6294555664,2017-04-01 18:29:20,"iPhone7,2",10.2.1,1.1
40.8284950256,-73.9898605347,86.9662475586,2017-04-01 18:33:36,"iPhone7,2",10.2.1,1.1
40.8421516418,-73.9954452515,29.5710144043,2017-04-01 18:37:52,"iPhone7,2",10.2.1,1.1
40.8672981262,-74.0340194702,19.7720451355,2017-04-01 18:44:16,"iPhone7,2",10.2.1,1.1
40.8925743103,-74.0711212158,7.34343528748,2017-04-01 18:48:32,"iPhone7,2",10.2.1,1.1
40.9161453247,-74.0551147461,11.8673181534,2017-04-01 18:54:56,"iPhone7,2",10.2.1,1.1
40.9146080017,-74.0493545532,20.0648059845,2017-04-01 21:58:24,"iPhone7,2",10.2.1,1.1
40.8945617676,-74.0155944824,40.0529823303,2017-04-01 22:02:40,"iPhone7,2",10.2.1,1.1
40.8560676575,-73.9723434448,94.2104721069,2017-04-01 22:06:56,"iPhone7,2",10.2.1,1.1
40.8405914307,-73.975692749,83.6405334473,2017-04-01 22:13:20,"iPhone7,2",10.2.1,1.1
40.8150482178,-73.9911880493,78.7102966309,2017-04-01 22:17:36,"iPhone7,2",10.2.1,1.1
40.8042221069,-73.9904251099,6.34349060059,2017-04-01 22:21:52,"iPhone7,2",10.2.1,1.1
40.7926750183,-73.9981613159,3.6115629673,2017-04-02 00:00:00,"iPhone7,2",10.2.1,1.1
40.8071136475,-73.9888000488,3.63006973267,2017-04-02 04:13:52,"iPhone7,2",10.2.1,1.1
40.8044509888,-73.9936676025,7.84881210327,2017-04-02 12:48:00,"iPhone7,2",10.2.1,1.1
40.8030662537,-73.9909286499,5.31042480469,2017-04-02 19:24:48,"iPhone7,2",10.2.1,1.1
40.7988319397,-73.9950332642,6.64586257935,2017-04-03 11:50:24,"iPhone7,2",10.2.1,1.1
40.7858390808,-74.0026931763,11.3774032593,2017-04-03 11:54:40,"iPhone7,2",10.2.1,1.1
40.7656478882,-74.0152893066,10.4313735962,2017-04-03 12:03:12,"iPhone7,2",10.2.1,1.1
40.7591781616,-74.0241928101,15.3380775452,2017-04-03 12:09:36,"iPhone7,2",10.2.1,1.1
40.755241394,-73.9981536865,9.06566905975,2017-04-03 12:18:08,"iPhone7,2",10.2.1,1.1
40.7566184998,-73.992149353,16.1027622223,2017-04-03 12:24:32,"iPhone7,2",10.2.1,1.1
40.7544250488,-73.9869689941,18.2142314911,2017-04-03 12:35:12,"iPhone7,2",10.2.1,1.1
40.7452507019,-73.98878479,15,2017-04-03 12:41:36,"iPhone7,2",10.2.1,1.1
40.7179031372,-74.0001220703,11.5510940552,2017-04-03 12:45:52,"iPhone7,2",10.2.1,1.1
40.7302703857,-73.9928359985,15,2017-04-03 12:52:16,"iPhone7,2",10.2.1,1.1
40.7356338501,-73.9906845093,15,2017-04-03 22:11:12,"iPhone7,2",10.2.1,1.1
40.7495346069,-73.9880371094,15,2017-04-03 22:17:36,"iPhone7,2",10.2.1,1.1
40.7564506531,-73.9915313721,14.0813770294,2017-04-03 22:28:16,"iPhone7,2",10.2.1,1.1
40.7588272095,-73.9980163574,16.1490726471,2017-04-03 22:41:04,"iPhone7,2",10.2.1,1.1
40.7640533447,-74.0156707764,16.4538288116,2017-04-03 22:49:36,"iPhone7,2",10.2.1,1.1
40.7826156616,-74.0059356689,7.05140590668,2017-04-03 23:00:16,"iPhone7,2",10.2.1,1.1
40.8057899475,-73.9940032959,7.27278327942,2017-04-03 23:06:40,"iPhone7,2",10.2.1,1.1
40.8191566467,-73.9883728027,37,2017-04-04 13:26:24,"iPhone7,2",10.2.1,1.1
40.8399734497,-73.9874267578,71.9888839722,2017-04-04 13:32:48,"iPhone7,2",10.2.1,1.1
40.8357429504,-73.9906234741,68.8675994873,2017-04-04 13:43:28,"iPhone7,2",10.2.1,1.1
40.8147926331,-73.9897766113,37,2017-04-04 13:49:52,"iPhone7,2",10.2.1,1.1
40.8041877747,-73.9905014038,4.5209941864,2017-04-04 13:54:08,"iPhone7,2",10.2.1,1.1
40.8042373657,-73.9903945923,5.75067281723,2017-04-04 13:58:24,"iPhone7,2",10.2.1,1.1
40.7954788208,-73.9921798706,5.75067281723,2017-04-04 14:00:32,"iPhone7,2",10.2.1,1.1
40.7893943787,-73.9934082031,5.75067281723,2017-04-04 14:00:32,"iPhone7,2",10.2.1,1.1
40.8042907715,-73.9903564453,6.8274731636,2017-04-04 14:00:32,"iPhone7,2",10.2.1,1.1
40.8040122986,-73.9911117554,7.45965003967,2017-04-04 14:02:40,"iPhone7,2",10.2.1,1.1
40.8002052307,-73.994392395,12.9289045334,2017-04-04 15:21:36,"iPhone7,2",10.2.1,1.1
40.7744255066,-74.0134887695,53,2017-04-04 15:28:00,"iPhone7,2",10.2.1,1.1
40.7599182129,-74.0223693848,4.75889015198,2017-04-04 15:32:16,"iPhone7,2",10.2.1,1.1
40.7574501038,-73.995223999,12.0096874237,2017-04-04 15:40:48,"iPhone7,2",10.2.1,1.1
40.7544136047,-73.9869537354,19.4025669098,2017-04-04 15:55:44,"iPhone7,2",10.2.1,1.1
40.7492103577,-73.9881744385,17.3498401642,2017-04-04 16:00:00,"iPhone7,2",10.2.1,1.1
40.7354850769,-73.9906845093,13.2939729691,2017-04-04 16:04:16,"iPhone7,2",10.2.1,1.1
40.7298278809,-73.9934463501,15.3292350769,2017-04-04 16:14:56,"iPhone7,2",10.2.1,1.1
40.7356147766,-73.9906845093,15,2017-04-04 19:22:40,"iPhone7,2",10.2.1,1.1
40.7495574951,-73.9880371094,16.0470218658,2017-04-04 19:29:04,"iPhone7,2",10.2.1,1.1
40.7560272217,-73.9905548096,22.7934169769,2017-04-04 19:37:36,"iPhone7,2",10.2.1,1.1
40.758556366,-73.9979934692,17.2445430756,2017-04-04 20:03:12,"iPhone7,2",10.2.1,1.1
40.7604064941,-74.0255737305,11.8303470612,2017-04-04 20:11:44,"iPhone7,2",10.2.1,1.1
40.7828063965,-74.0057601929,3.57338380814,2017-04-04 20:22:24,"iPhone7,2",10.2.1,1.1
40.8063468933,-73.993812561,5.10373592377,2017-04-04 20:33:04,"iPhone7,2",10.2.1,1.1
40.8097572327,-73.9899291992,37,2017-04-04 20:37:20,"iPhone7,2",10.2.1,1.1
40.8050804138,-73.9917297363,8.74211120605,2017-04-04 23:08:48,"iPhone7,2",10.2.1,1.1
40.8135185242,-73.9845046997,23.8888301849,2017-04-05 12:52:16,"iPhone7,2",10.2.1,1.1
40.8307647705,-73.9739303589,35.5319061279,2017-04-05 12:58:40,"iPhone7,2",10.2.1,1.1
40.8399772644,-73.9877624512,57.5778846741,2017-04-05 13:11:28,"iPhone7,2",10.2.1,1.1
40.8462982178,-73.9482727051,56.4699668884,2017-04-05 13:22:08,"iPhone7,2",10.2.1,1.1
40.82472229,-73.9734039307,3.58324337006,2017-04-05 13:28:32,"iPhone7,2",10.2.1,1.1
40.8043632507,-73.9930038452,5.165371418,2017-04-05 13:45:36,"iPhone7,2",10.2.1,1.1
40.789806366,-73.9918518066,5.16829490662,2017-04-05 13:49:52,"iPhone7,2",10.2.1,1.1
40.7928504944,-73.9980545044,3.47002100945,2017-04-05 13:56:16,"iPhone7,2",10.2.1,1.1
40.798614502,-73.9952163696,6.12191677094,2017-04-05 18:46:24,"iPhone7,2",10.2.1,1.1
40.8119430542,-73.9838256836,23.264831543,2017-04-05 18:50:40,"iPhone7,2",10.2.1,1.1
40.8160514832,-73.9813308716,3.3332862854,2017-04-05 19:12:00,"iPhone7,2",10.2.1,1.1
40.8318252563,-73.9788284302,37,2017-04-05 19:16:16,"iPhone7,2",10.2.1,1.1
40.8397636414,-73.9876098633,79.5481262207,2017-04-05 19:20:32,"iPhone7,2",10.2.1,1.1
40.8321342468,-73.9918441772,73.522857666,2017-04-05 19:46:08,"iPhone7,2",10.2.1,1.1
40.820110321,-73.9882507324,69.8674087524,2017-04-05 19:50:24,"iPhone7,2",10.2.1,1.1
40.8074569702,-73.9901657104,7.40383195877,2017-04-05 19:56:48,"iPhone7,2",10.2.1,1.1
40.7779006958,-73.9957580566,11.5931272507,2017-04-06 13:13:36,"iPhone7,2",10.2.1,1.1
40.8125076294,-73.9903640747,45.0777893066,2017-04-06 13:17:52,"iPhone7,2",10.2.1,1.1
40.8298568726,-73.9922561646,81.7889709473,2017-04-06 13:24:16,"iPhone7,2",10.2.1,1.1
40.8399429321,-73.9874191284,83.5265197754,2017-04-06 13:28:32,"iPhone7,2",10.2.1,1.1
40.8581771851,-73.9796447754,92.9858093262,2017-04-06 13:32:48,"iPhone7,2",10.2.1,1.1
40.8614501953,-73.9739151001,83.5423278809,2017-04-06 13:39:12,"iPhone7,2",10.2.1,1.1
40.8873596191,-73.9791793823,2.57650756836,2017-04-06 13:43:28,"iPhone7,2",10.2.1,1.1
40.8904838562,-73.9747619629,11.5077209473,2017-04-06 13:58:24,"iPhone7,2",10.2.1,1.1
40.894859314,-73.9764633179,4.52746582031,2017-04-06 14:02:40,"iPhone7,2",10.2.1,1.1
40.8880844116,-73.9767150879,7.90826416016,2017-04-06 14:06:56,"iPhone7,2",10.2.1,1.1
40.9046630859,-73.9671020508,24.8552951813,2017-04-06 14:13:20,"iPhone7,2",10.2.1,1.1
40.9329986572,-73.9590148926,14.2449054718,2017-04-06 14:17:36,"iPhone7,2",10.2.1,1.1
40.9651031494,-73.9557723999,10.7545127869,2017-04-06 14:21:52,"iPhone7,2",10.2.1,1.1
40.9696464539,-73.9560012817,12.5810623169,2017-04-06 14:28:16,"iPhone7,2",10.2.1,1.1
40.9700469971,-73.9499511719,16.0459041595,2017-04-06 14:56:00,"iPhone7,2",10.2.1,1.1
40.9667892456,-73.9540786743,15.32533741,2017-04-06 15:25:52,"iPhone7,2",10.2.1,1.1
40.937587738,-73.926651001,131.374633789,2017-04-06 15:30:08,"iPhone7,2",10.2.1,1.1
40.8985023499,-73.9393310547,122.234481812,2017-04-06 15:36:32,"iPhone7,2",10.2.1,1.1
40.8621292114,-73.958152771,100.556739807,2017-04-06 15:40:48,"iPhone7,2",10.2.1,1.1
40.8322410583,-73.9725646973,-2.60420250893,2017-04-06 15:45:04,"iPhone7,2",10.2.1,1.1
40.8160858154,-73.9804458618,-0.987268686295,2017-04-06 15:51:28,"iPhone7,2",10.2.1,1.1
40.8134002686,-73.985206604,7.67389297485,2017-04-06 16:08:32,"iPhone7,2",10.2.1,1.1
40.804359436,-73.9904708862,8.87888526917,2017-04-06 16:14:56,"iPhone7,2",10.2.1,1.1
40.8000259399,-73.9946212769,11.2324914932,2017-04-06 17:46:40,"iPhone7,2",10.2.1,1.1
40.7830924988,-74.0063705444,6.20584821701,2017-04-06 17:50:56,"iPhone7,2",10.2.1,1.1
40.7673988342,-74.0182418823,2.06731557846,2017-04-06 17:55:12,"iPhone7,2",10.2.1,1.1
40.7605133057,-74.0271530151,5.62039279938,2017-04-06 18:01:36,"iPhone7,2",10.2.1,1.1
40.7574577332,-73.9946212769,11.1538276672,2017-04-06 18:05:52,"iPhone7,2",10.2.1,1.1
40.7551307678,-73.9883956909,24.5629310608,2017-04-06 18:18:40,"iPhone7,2",10.2.1,1.1
40.7498588562,-73.9879989624,17.4293880463,2017-04-06 18:57:04,"iPhone7,2",10.2.1,1.1
40.7355270386,-73.9907150269,15,2017-04-06 19:03:28,"iPhone7,2",10.2.1,1.1
40.7298278809,-73.9934005737,17.2687988281,2017-04-06 19:07:44,"iPhone7,2",10.2.1,1.1
40.7335510254,-73.9900665283,13.6162109375,2017-04-07 01:10:24,"iPhone7,2",10.2.1,1.1
40.7380332947,-73.9960708618,5.26495361328,2017-04-07 01:16:48,"iPhone7,2",10.2.1,1.1
40.7452507019,-73.9944152832,12.6628417969,2017-04-07 01:21:04,"iPhone7,2",10.2.1,1.1
40.751953125,-73.9987945557,3.03561401367,2017-04-07 01:27:28,"iPhone7,2",10.2.1,1.1
40.7558174133,-73.9952774048,6.01068115234,2017-04-07 01:31:44,"iPhone7,2",10.2.1,1.1
40.7615966797,-74.015083313,3.45962524414,2017-04-07 01:40:16,"iPhone7,2",10.2.1,1.1
40.7664146423,-74.0230789185,20.5603065491,2017-04-07 01:44:32,"iPhone7,2",10.2.1,1.1
40.7682113647,-74.0174636841,-0.0559959411621,2017-04-07 01:50:56,"iPhone7,2",10.2.1,1.1
40.7976646423,-73.9956741333,2.87088012695,2017-04-07 01:55:12,"iPhone7,2",10.2.1,1.1
40.7927398682,-73.9786758423,3.61254882812,2017-04-07 03:56:48,"iPhone7,2",10.2.1,1.1
40.8056678772,-73.9833374023,3.61254882812,2017-04-07 04:05:20,"iPhone7,2",10.2.1,1.1
40.8039093018,-73.9910888672,12.751739502,2017-04-07 04:37:20,"iPhone7,2",10.2.1,1.1
40.8030319214,-73.9928894043,0,2017-04-07 12:45:52,"iPhone7,2",10.2.1,1.1
40.8075675964,-73.9920578003,13.2148742676,2017-04-07 13:13:36,"iPhone7,2",10.2.1,1.1
40.826965332,-73.9814071655,82.2778015137,2017-04-07 13:20:00,"iPhone7,2",10.2.1,1.1
40.8508224487,-73.969909668,85.9980163574,2017-04-07 13:24:16,"iPhone7,2",10.2.1,1.1
40.846321106,-73.9711761475,86.0627746582,2017-04-07 13:30:40,"iPhone7,2",10.2.1,1.1
40.8401184082,-73.9872665405,83.8229675293,2017-04-07 13:34:56,"iPhone7,2",10.2.1,1.1
40.8362159729,-73.9907226562,64.2187805176,2017-04-07 13:41:20,"iPhone7,2",10.2.1,1.1
40.8178291321,-73.9870834351,84.8667297363,2017-04-07 13:45:36,"iPhone7,2",10.2.1,1.1
40.8030357361,-73.9928894043,84.8667297363,2017-04-07 13:54:08,"iPhone7,2",10.2.1,1.1
40.8085479736,-73.9915237427,16.1558971405,2017-04-07 19:26:56,"iPhone7,2",10.2.1,1.1
40.8271255493,-73.9873428345,78.8757019043,2017-04-07 19:31:12,"iPhone7,2",10.2.1,1.1
40.8400421143,-73.9872131348,81.1957244873,2017-04-07 19:37:36,"iPhone7,2",10.2.1,1.1
40.8363265991,-73.990737915,67.9952697754,2017-04-07 19:44:00,"iPhone7,2",10.2.1,1.1
40.8147583008,-73.9897766113,61.8426818848,2017-04-07 19:48:16,"iPhone7,2",10.2.1,1.1
40.813293457,-73.9841537476,-1.18789672852,2017-04-07 19:54:40,"iPhone7,2",10.2.1,1.1
40.8076477051,-73.9906234741,8.6795091629,2017-04-07 20:28:48,"iPhone7,2",10.2.1,1.1
40.8117294312,-73.9872817993,7.51317691803,2017-04-07 22:38:56,"iPhone7,2",10.2.1,1.1
40.8077735901,-73.9903717041,-0.833465576172,2017-04-07 22:56:00,"iPhone7,2",10.2.1,1.1
40.8103141785,-74.0009841919,66.0694274902,2017-04-07 23:00:16,"iPhone7,2",10.2.1,1.1
40.8141860962,-74.0100708008,5.60163497925,2017-04-07 23:04:32,"iPhone7,2",10.2.1,1.1
40.8096466064,-74.0139007568,11.8776741028,2017-04-07 23:36:32,"iPhone7,2",10.2.1,1.1
40.8015022278,-74.0064468384,17,2017-04-07 23:40:48,"iPhone7,2",10.2.1,1.1
40.8003921509,-73.9947052002,16.1067523956,2017-04-07 23:47:12,"iPhone7,2",10.2.1,1.1
40.8040351868,-73.9911575317,7.79686880112,2017-04-07 23:51:28,"iPhone7,2",10.2.1,1.1
40.779083252,-73.9951324463,5.60545825958,2017-04-08 18:50:40,"iPhone7,2",10.2.1,1.1
40.8050613403,-73.991897583,5.29166126251,2017-04-08 18:54:56,"iPhone7,2",10.2.1,1.1
40.7960281372,-73.9966049194,7.45318984985,2017-04-08 22:19:44,"iPhone7,2",10.2.1,1.1
40.8040847778,-73.9931335449,5.67552614212,2017-04-08 22:32:32,"iPhone7,2",10.2.1,1.1
40.797454834,-73.9955978394,4.60463809967,2017-04-08 22:41:04,"iPhone7,2",10.2.1,1.1
40.7927284241,-73.9982528687,3.70600295067,2017-04-08 22:53:52,"iPhone7,2",10.2.1,1.1
40.803440094,-73.9933853149,3.99998259544,2017-04-09 03:52:32,"iPhone7,2",10.2.1,1.1
40.813621521,-73.9840164185,3.91731500626,2017-04-09 03:58:56,"iPhone7,2",10.2.1,1.1
40.8043556213,-73.9903945923,10.3333654404,2017-04-09 04:03:12,"iPhone7,2",10.2.1,1.1
40.7822227478,-73.9944992065,8.99999904633,2017-04-09 15:40:48,"iPhone7,2",10.2.1,1.1
40.8199958801,-73.9880371094,41.8165931702,2017-04-09 15:47:12,"iPhone7,2",10.2.1,1.1
40.8349494934,-73.9787063599,52.709312439,2017-04-09 15:51:28,"iPhone7,2",10.2.1,1.1
40.849029541,-73.9811859131,47.1998214722,2017-04-09 15:57:52,"iPhone7,2",10.2.1,1.1
40.8426132202,-73.9875411987,37,2017-04-09 17:50:56,"iPhone7,2",10.2.1,1.1
40.8212394714,-73.9877166748,57.9615211487,2017-04-09 17:57:20,"iPhone7,2",10.2.1,1.1
40.8035545349,-73.9913787842,5.87503957748,2017-04-09 18:01:36,"iPhone7,2",10.2.1,1.1
40.7925987244,-73.978843689,6.01945400238,2017-04-09 18:18:40,"iPhone7,2",10.2.1,1.1
40.7989425659,-73.9960174561,27.0004138947,2017-04-09 18:25:04,"iPhone7,2",10.2.1,1.1
40.8054504395,-74.003364563,43.7582359314,2017-04-09 18:29:20,"iPhone7,2",10.2.1,1.1
40.8000450134,-74.0032348633,30.030538559,2017-04-09 18:35:44,"iPhone7,2",10.2.1,1.1
40.7981719971,-73.9977722168,51.3094749451,2017-04-09 19:01:20,"iPhone7,2",10.2.1,1.1
40.7909317017,-73.9990615845,5.43772506714,2017-04-09 19:07:44,"iPhone7,2",10.2.1,1.1
40.7954750061,-73.9966659546,11.662610054,2017-04-09 20:26:40,"iPhone7,2",10.2.1,1.1
40.8044013977,-73.9906234741,8.90745544434,2017-04-09 20:30:56,"iPhone7,2",10.2.1,1.1
40.7938766479,-73.997467041,3.51304960251,2017-04-09 23:49:20,"iPhone7,2",10.2.1,1.1
40.8049812317,-73.9925765991,3.9982881546,2017-04-10 03:52:32,"iPhone7,2",10.2.1,1.1
40.8003807068,-73.9946365356,10.9425172806,2017-04-10 11:48:16,"iPhone7,2",10.2.1,1.1
40.780002594,-74.0096588135,7.67369937897,2017-04-10 11:54:40,"iPhone7,2",10.2.1,1.1
40.7662353516,-74.0188293457,35.8812255859,2017-04-10 11:58:56,"iPhone7,2",10.2.1,1.1
40.7597541809,-74.0274124146,6.15390110016,2017-04-10 12:03:12,"iPhone7,2",10.2.1,1.1
40.7568969727,-74.0009765625,7.35161542892,2017-04-10 12:13:52,"iPhone7,2",10.2.1,1.1
40.7558364868,-73.9951019287,8.00475025177,2017-04-10 12:18:08,"iPhone7,2",10.2.1,1.1
40.7553443909,-73.9890899658,23.5964565277,2017-04-10 12:28:48,"iPhone7,2",10.2.1,1.1
40.7499160767,-73.987953186,17.8667526245,2017-04-10 12:37:20,"iPhone7,2",10.2.1,1.1
40.7355041504,-73.9907150269,15,2017-04-10 12:41:36,"iPhone7,2",10.2.1,1.1
40.7299461365,-73.9937210083,15.6740207672,2017-04-10 12:48:00,"iPhone7,2",10.2.1,1.1
40.7338790894,-73.990814209,17.3805217743,2017-04-10 20:24:32,"iPhone7,2",10.2.1,1.1
40.7487449646,-73.9882049561,15,2017-04-10 20:28:48,"iPhone7,2",10.2.1,1.1
40.754573822,-73.9865188599,23.8873596191,2017-04-10 20:35:12,"iPhone7,2",10.2.1,1.1
40.7580108643,-73.9928359985,26,2017-04-10 21:28:32,"iPhone7,2",10.2.1,1.1
40.7599754333,-74.0272750854,27.0081253052,2017-04-10 21:32:48,"iPhone7,2",10.2.1,1.1
40.7708129883,-74.0151672363,3.04471373558,2017-04-10 21:39:12,"iPhone7,2",10.2.1,1.1
40.782875061,-74.0065994263,13.8236837387,2017-04-10 21:45:36,"iPhone7,2",10.2.1,1.1
40.7973632812,-73.995552063,6.10718727112,2017-04-10 21:49:52,"iPhone7,2",10.2.1,1.1
40.8037643433,-73.9909820557,5.66498947144,2017-04-10 21:54:08,"iPhone7,2",10.2.1,1.1
40.7988471985,-73.9947967529,6.6420083046,2017-04-11 14:45:20,"iPhone7,2",10.2.1,1.1
40.7796173096,-74.0097122192,7.77004241943,2017-04-11 14:51:44,"iPhone7,2",10.2.1,1.1
40.763885498,-74.0218963623,5.63094139099,2017-04-11 14:56:00,"iPhone7,2",10.2.1,1.1
40.7557945251,-73.9975585938,8.8062915802,2017-04-11 15:02:24,"iPhone7,2",10.2.1,1.1
40.7563858032,-73.9913482666,14.4036579132,2017-04-11 15:08:48,"iPhone7,2",10.2.1,1.1
40.7499160767,-73.9879379272,17.9677524567,2017-04-11 15:25:52,"iPhone7,2",10.2.1,1.1
40.735458374,-73.9908294678,15,2017-04-11 15:32:16,"iPhone7,2",10.2.1,1.1
40.7298965454,-73.9936294556,16.2411613464,2017-04-11 15:36:32,"iPhone7,2",10.2.1,1.1
40.7352027893,-73.9907913208,15,2017-04-11 20:01:04,"iPhone7,2",10.2.1,1.1
40.749584198,-73.9880447388,16.9213008881,2017-04-11 20:07:28,"iPhone7,2",10.2.1,1.1
40.7550582886,-73.9880981445,24.4107589722,2017-04-11 20:11:44,"iPhone7,2",10.2.1,1.1
40.7569732666,-73.9936218262,16.2033252716,2017-04-11 20:30:56,"iPhone7,2",10.2.1,1.1
40.763710022,-74.0212478638,10.3950185776,2017-04-11 20:37:20,"iPhone7,2",10.2.1,1.1
40.7830047607,-74.0065002441,4.34769868851,2017-04-11 20:48:00,"iPhone7,2",10.2.1,1.1
40.8037261963,-73.9935379028,4.11293029785,2017-04-11 20:52:16,"iPhone7,2",10.2.1,1.1
40.8040084839,-73.9910583496,6.5057258606,2017-04-12 00:04:16,"iPhone7,2",10.2.1,1.1
40.8085174561,-73.9914855957,8.95942306519,2017-04-12 12:39:28,"iPhone7,2",10.2.1,1.1
40.8273391724,-73.9875640869,84.5562973022,2017-04-12 12:43:44,"iPhone7,2",10.2.1,1.1
40.8400268555,-73.9872665405,81.9112243652,2017-04-12 12:50:08,"iPhone7,2",10.2.1,1.1
40.8360099792,-73.9905395508,37,2017-04-12 12:58:40,"iPhone7,2",10.2.1,1.1
40.8216323853,-73.9879150391,43.2861022949,2017-04-12 13:02:56,"iPhone7,2",10.2.1,1.1
40.8066139221,-73.9912490845,10.1214513779,2017-04-12 13:09:20,"iPhone7,2",10.2.1,1.1
40.8039588928,-73.9909362793,6.85597419739,2017-04-12 13:37:04,"iPhone7,2",10.2.1,1.1
40.8100509644,-73.991027832,10.9130334854,2017-04-12 19:18:24,"iPhone7,2",10.2.1,1.1
40.8267593384,-73.987159729,67.8789291382,2017-04-12 19:22:40,"iPhone7,2",10.2.1,1.1
40.8400993347,-73.9874954224,83.6325378418,2017-04-12 19:29:04,"iPhone7,2",10.2.1,1.1
40.8343849182,-73.9902572632,73.5972213745,2017-04-12 19:44:00,"iPhone7,2",10.2.1,1.1
40.8202362061,-73.9881439209,76.3985061646,2017-04-12 19:50:24,"iPhone7,2",10.2.1,1.1
40.8044166565,-73.9909439087,7.26243972778,2017-04-12 19:54:40,"iPhone7,2",10.2.1,1.1
40.8004150391,-73.9943389893,9.83894443512,2017-04-12 20:09:36,"iPhone7,2",10.2.1,1.1
40.792842865,-73.9981155396,3.38966393471,2017-04-12 20:13:52,"iPhone7,2",10.2.1,1.1
40.8070678711,-73.9908218384,6.35324907303,2017-04-13 02:46:24,"iPhone7,2",10.2.1,1.1
40.8135375977,-73.9841079712,4.108751297,2017-04-13 02:50:40,"iPhone7,2",10.2.1,1.1
40.8044395447,-73.991355896,5.79810714722,2017-04-13 02:57:04,"iPhone7,2",10.2.1,1.1
40.8090553284,-73.9912261963,23.2924785614,2017-04-13 14:11:12,"iPhone7,2",10.2.1,1.1
40.8270606995,-73.9872589111,72.2977676392,2017-04-13 14:17:36,"iPhone7,2",10.2.1,1.1
40.829990387,-73.9926300049,63.1623001099,2017-04-13 14:24:00,"iPhone7,2",10.2.1,1.1
40.8398513794,-73.9876174927,83.0264053345,2017-04-13 14:30:24,"iPhone7,2",10.2.1,1.1
40.8443908691,-73.9864883423,102.593811035,2017-04-13 14:34:40,"iPhone7,2",10.2.1,1.1
40.86095047,-73.9702453613,103.151916504,2017-04-13 14:38:56,"iPhone7,2",10.2.1,1.1
40.8570899963,-73.9738464355,79.3110046387,2017-04-13 15:15:12,"iPhone7,2",10.2.1,1.1
40.8399162292,-73.970375061,37,2017-04-13 15:19:28,"iPhone7,2",10.2.1,1.1
40.8125457764,-73.9849243164,3.9319601059,2017-04-13 15:23:44,"iPhone7,2",10.2.1,1.1
40.8043746948,-73.9921798706,5.10406160355,2017-04-13 15:30:08,"iPhone7,2",10.2.1,1.1
40.7920722961,-73.9855575562,8.04826545715,2017-04-13 15:47:12,"iPhone7,2",10.2.1,1.1
40.8043899536,-73.9900741577,6.59856128693,2017-04-13 15:51:28,"iPhone7,2",10.2.1,1.1
40.8006973267,-73.9943161011,11.571103096,2017-04-13 17:53:04,"iPhone7,2",10.2.1,1.1
40.7831230164,-74.0072631836,7.10777854919,2017-04-13 17:57:20,"iPhone7,2",10.2.1,1.1
40.7658691406,-74.018951416,3.75994372368,2017-04-13 18:03:44,"iPhone7,2",10.2.1,1.1
40.7553749084,-73.9966049194,10.4433069229,2017-04-13 18:10:08,"iPhone7,2",10.2.1,1.1
40.7562561035,-73.9906921387,16.117193222,2017-04-13 18:18:40,"iPhone7,2",10.2.1,1.1
40.7496299744,-73.9880218506,16.7821369171,2017-04-13 19:05:36,"iPhone7,2",10.2.1,1.1
40.7362861633,-73.9906082153,15,2017-04-13 19:14:08,"iPhone7,2",10.2.1,1.1
40.7299499512,-73.9931945801,16.7460327148,2017-04-13 19:18:24,"iPhone7,2",10.2.1,1.1
40.7356910706,-73.9906845093,15,2017-04-13 22:13:20,"iPhone7,2",10.2.1,1.1
40.7494926453,-73.9880599976,16.9032344818,2017-04-13 22:19:44,"iPhone7,2",10.2.1,1.1
40.7549629211,-73.9881515503,25.9730815887,2017-04-13 22:24:00,"iPhone7,2",10.2.1,1.1
40.7580337524,-73.9927978516,16.7749137878,2017-04-13 22:41:04,"iPhone7,2",10.2.1,1.1
40.7656211853,-74.0229034424,11.5490131378,2017-04-13 22:45:20,"iPhone7,2",10.2.1,1.1
40.7681427002,-74.0172653198,6.19167709351,2017-04-13 22:53:52,"iPhone7,2",10.2.1,1.1
40.7829666138,-74.0066070557,5.58333158493,2017-04-13 22:58:08,"iPhone7,2",10.2.1,1.1
40.8049278259,-73.9928283691,6.17219352722,2017-04-13 23:02:24,"iPhone7,2",10.2.1,1.1
40.8004302979,-73.9941482544,1.69122314453,2017-04-14 17:01:52,"iPhone7,2",10.2.1,1.1
40.769821167,-74.015914917,6.61492919922,2017-04-14 17:06:08,"iPhone7,2",10.2.1,1.1
40.7544212341,-74.0294876099,0.425506591797,2017-04-14 17:12:32,"iPhone7,2",10.2.1,1.1
40.7397956848,-74.0339813232,4.13198852539,2017-04-14 17:16:48,"iPhone7,2",10.2.1,1.1
40.7322463989,-74.0410308838,1.70883178711,2017-04-14 17:21:04,"iPhone7,2",10.2.1,1.1
40.7228965759,-74.0067443848,-37.1449737549,2017-04-14 17:27:28,"iPhone7,2",10.2.1,1.1
40.7169761658,-74.0025634766,20.2672729492,2017-04-14 17:31:44,"iPhone7,2",10.2.1,1.1
40.7135353088,-73.9987258911,7.31469726562,2017-04-14 17:40:16,"iPhone7,2",10.2.1,1.1
40.6964950562,-73.9848861694,16.2512207031,2017-04-14 17:44:32,"iPhone7,2",10.2.1,1.1
40.6879844666,-73.9804000854,-4.09912109375,2017-04-14 17:50:56,"iPhone7,2",10.2.1,1.1
40.677318573,-73.9725570679,35.3457336426,2017-04-14 17:55:12,"iPhone7,2",10.2.1,1.1
40.6675949097,-73.9654998779,41.4700317383,2017-04-14 17:59:28,"iPhone7,2",10.2.1,1.1
40.6632423401,-73.9617767334,26.7831420898,2017-04-14 18:05:52,"iPhone7,2",10.2.1,1.1
40.6715393066,-73.9625549316,48.9046630859,2017-04-14 18:10:08,"iPhone7,2",10.2.1,1.1
40.6737251282,-73.9706115723,36.9443969727,2017-04-14 18:14:24,"iPhone7,2",10.2.1,1.1
40.6693382263,-73.9667739868,43.3564758301,2017-04-14 18:20:48,"iPhone7,2",10.2.1,1.1
40.6648521423,-73.9633789062,33.0812072754,2017-04-14 18:35:44,"iPhone7,2",10.2.1,1.1
40.6635704041,-73.9625549316,32.6851387024,2017-04-14 18:46:24,"iPhone7,2",10.2.1,1.1
40.6680831909,-73.9620819092,41.3632545471,2017-04-14 19:05:36,"iPhone7,2",10.2.1,1.1
40.6635704041,-73.9620742798,27.7536315918,2017-04-14 21:41:20,"iPhone7,2",10.2.1,1.1
40.6672782898,-73.9654388428,33.6206665039,2017-04-14 21:52:00,"iPhone7,2",10.2.1,1.1
40.6633071899,-73.962600708,20.2409057617,2017-04-14 22:02:40,"iPhone7,2",10.2.1,1.1
40.670753479,-73.9624176025,51.4249267578,2017-04-14 22:06:56,"iPhone7,2",10.2.1,1.1
40.6760520935,-73.9716033936,37.8278198242,2017-04-14 22:13:20,"iPhone7,2",10.2.1,1.1
40.6861381531,-73.9789428711,11.0808105469,2017-04-14 22:17:36,"iPhone7,2",10.2.1,1.1
40.695186615,-73.9840545654,13.5055541992,2017-04-14 22:21:52,"iPhone7,2",10.2.1,1.1
40.7015571594,-73.9910964966,24.8974304199,2017-04-14 22:28:16,"iPhone7,2",10.2.1,1.1
40.7237739563,-73.9735107422,2.70989990234,2017-04-14 22:32:32,"iPhone7,2",10.2.1,1.1
40.761920929,-73.9549636841,4.76586914062,2017-04-14 22:38:56,"iPhone7,2",10.2.1,1.1
40.7923812866,-73.9343795776,2.45419311523,2017-04-14 22:43:12,"iPhone7,2",10.2.1,1.1
40.8381271362,-73.9336013794,4.59536743164,2017-04-14 22:47:28,"iPhone7,2",10.2.1,1.1
40.8475608826,-73.9342803955,49.3979187012,2017-04-14 22:53:52,"iPhone7,2",10.2.1,1.1
40.8723144531,-73.9802017212,22.6518859863,2017-04-14 22:58:08,"iPhone7,2",10.2.1,1.1
40.8678588867,-74.0015869141,5.36909103394,2017-04-14 23:02:24,"iPhone7,2",10.2.1,1.1
40.8577156067,-73.9709396362,98.0303039551,2017-04-14 23:08:48,"iPhone7,2",10.2.1,1.1
40.8530654907,-73.9673080444,90.4992980957,2017-04-14 23:13:04,"iPhone7,2",10.2.1,1.1
40.8485794067,-73.9667434692,88.1995544434,2017-04-15 00:32:00,"iPhone7,2",10.2.1,1.1
40.832660675,-73.9725189209,25.0017757416,2017-04-15 00:36:16,"iPhone7,2",10.2.1,1.1
40.8132476807,-73.9845581055,3.30219531059,2017-04-15 00:40:32,"iPhone7,2",10.2.1,1.1
40.8044662476,-73.9929656982,5.15394353867,2017-04-15 01:12:32,"iPhone7,2",10.2.1,1.1
40.7938613892,-73.9974899292,4.02842617035,2017-04-15 20:54:24,"iPhone7,2",10.2.1,1.1
40.7997360229,-73.9946289062,6.44561481476,2017-04-16 03:05:36,"iPhone7,2",10.2.1,1.1
40.8119812012,-73.9838562012,4.33720397949,2017-04-16 03:09:52,"iPhone7,2",10.2.1,1.1
40.8089561462,-73.9896850586,4.9942650795,2017-04-16 03:35:28,"iPhone7,2",10.2.1,1.1
40.8041381836,-73.9905929565,6.22312688828,2017-04-16 03:39:44,"iPhone7,2",10.2.1,1.1
40.7757225037,-73.9959640503,7.7056388855,2017-04-16 03:50:24,"iPhone7,2",10.2.1,1.1
40.8043136597,-73.9902267456,7.48991298676,2017-04-16 03:54:40,"iPhone7,2",10.2.1,1.1
40.7917022705,-73.985168457,8.67645072937,2017-04-16 12:52:16,"iPhone7,2",10.2.1,1.1
40.8015022278,-73.9938659668,6.47565984726,2017-04-16 12:58:40,"iPhone7,2",10.2.1,1.1
40.8064422607,-73.9918746948,5.87749958038,2017-04-16 13:09:20,"iPhone7,2",10.2.1,1.1
40.8111991882,-73.9907913208,37,2017-04-16 16:00:00,"iPhone7,2",10.2.1,1.1
40.8276824951,-73.981048584,63.9151229858,2017-04-16 16:06:24,"iPhone7,2",10.2.1,1.1
40.8488082886,-73.981048584,41.7614707947,2017-04-16 16:10:40,"iPhone7,2",10.2.1,1.1
40.84897995,-73.9750900269,86.9365539551,2017-04-16 18:44:16,"iPhone7,2",10.2.1,1.1
40.850353241,-73.9678192139,91.7232971191,2017-04-16 18:50:40,"iPhone7,2",10.2.1,1.1
40.8476028442,-73.9725418091,84.8769226074,2017-04-16 19:56:48,"iPhone7,2",10.2.1,1.1
40.8454780579,-73.9793014526,88.2495803833,2017-04-16 20:03:12,"iPhone7,2",10.2.1,1.1
40.8399620056,-73.9812545776,85.7380981445,2017-04-16 20:20:16,"iPhone7,2",10.2.1,1.1
40.8077316284,-73.99193573,19.5918579102,2017-04-16 20:28:48,"iPhone7,2",10.2.1,1.1
40.8039398193,-73.9910736084,7.75667667389,2017-04-16 21:09:20,"iPhone7,2",10.2.1,1.1
40.7997970581,-73.9944229126,6.19734382629,2017-04-17 11:37:36,"iPhone7,2",10.2.1,1.1
40.78307724,-74.0071868896,4.46398115158,2017-04-17 11:44:00,"iPhone7,2",10.2.1,1.1
40.7748146057,-74.0133514404,13.149520874,2017-04-17 11:48:16,"iPhone7,2",10.2.1,1.1
40.7597808838,-74.0220031738,9.08043003082,2017-04-17 11:54:40,"iPhone7,2",10.2.1,1.1
40.7571296692,-74.0040588379,11.8396100998,2017-04-17 12:01:04,"iPhone7,2",10.2.1,1.1
40.7581634521,-73.9956741333,12.8266048431,2017-04-17 12:07:28,"iPhone7,2",10.2.1,1.1
40.7559204102,-73.9903411865,22.7914028168,2017-04-17 12:22:24,"iPhone7,2",10.2.1,1.1
40.7498550415,-73.9879989624,18.4250488281,2017-04-17 12:35:12,"iPhone7,2",10.2.1,1.1
40.7364006042,-73.9905776978,15,2017-04-17 12:39:28,"iPhone7,2",10.2.1,1.1
40.7299423218,-73.9936599731,16.6563682556,2017-04-17 12:45:52,"iPhone7,2",10.2.1,1.1
40.7329750061,-73.998046875,18.3770446777,2017-04-17 16:29:52,"iPhone7,2",10.2.1,1.1
40.7296485901,-73.9934158325,14.7515039444,2017-04-17 17:23:12,"iPhone7,2",10.2.1,1.1
40.7320175171,-73.9984588623,11.4055786133,2017-04-17 20:54:24,"iPhone7,2",10.2.1,1.1
40.7451820374,-73.9928970337,28.1685314178,2017-04-17 21:05:04,"iPhone7,2",10.2.1,1.1
40.7568778992,-73.9844055176,28.1685314178,2017-04-17 21:11:28,"iPhone7,2",10.2.1,1.1
40.7586708069,-73.9787139893,60.5136108398,2017-04-17 21:22:08,"iPhone7,2",10.2.1,1.1
40.7608070374,-73.9847106934,149.828491211,2017-04-17 21:52:00,"iPhone7,2",10.2.1,1.1
40.757976532,-73.9893264771,96.5008544922,2017-04-17 22:00:32,"iPhone7,2",10.2.1,1.1
40.7616233826,-74.0139770508,48.0149917603,2017-04-17 22:17:36,"iPhone7,2",10.2.1,1.1
40.7773704529,-74.0104904175,-92.3134155273,2017-04-17 22:26:08,"iPhone7,2",10.2.1,1.1
40.790184021,-73.995300293,28.0376281738,2017-04-17 22:34:40,"iPhone7,2",10.2.1,1.1
40.7996368408,-73.9947052002,32.5560913086,2017-04-18 02:05:52,"iPhone7,2",10.2.1,1.1
40.7817077637,-73.9952545166,8.755859375,2017-04-18 02:16:32,"iPhone7,2",10.2.1,1.1
40.8026351929,-73.9925231934,8.755859375,2017-04-18 02:22:56,"iPhone7,2",10.2.1,1.1
40.7894668579,-73.9898681641,25.0443725586,2017-04-18 14:43:12,"iPhone7,2",10.2.1,1.1
40.7653656006,-74.0167999268,-6.53155517578,2017-04-18 14:49:36,"iPhone7,2",10.2.1,1.1
40.7567672729,-74.0003890991,-6.53155517578,2017-04-18 14:56:00,"iPhone7,2",10.2.1,1.1
40.752456665,-73.9843902588,181.458007812,2017-04-18 15:21:36,"iPhone7,2",10.2.1,1.1
40.7391014099,-73.9912948608,181.458007812,2017-04-18 15:28:00,"iPhone7,2",10.2.1,1.1
40.7275924683,-73.9942626953,181.458007812,2017-04-18 18:25:04,"iPhone7,2",10.2.1,1.1
40.7415390015,-73.9917831421,181.458007812,2017-04-18 19:01:20,"iPhone7,2",10.2.1,1.1
40.753364563,-73.9849395752,181.458007812,2017-04-18 19:09:52,"iPhone7,2",10.2.1,1.1
40.7586288452,-73.9981002808,43.2729797363,2017-04-18 19:33:20,"iPhone7,2",10.2.1,1.1
40.7608566284,-74.0267868042,3.9609375,2017-04-18 19:37:36,"iPhone7,2",10.2.1,1.1
40.7701187134,-74.0144958496,3.9609375,2017-04-18 19:41:52,"iPhone7,2",10.2.1,1.1
40.7904701233,-73.9893798828,-10.974609375,2017-04-18 19:48:16,"iPhone7,2",10.2.1,1.1
40.8045272827,-73.9887390137,-10.974609375,2017-04-18 20:07:28,"iPhone7,2",10.2.1,1.1
40.8002662659,-73.9952926636,27.6947555542,2017-04-19 00:23:28,"iPhone7,2",10.2.1,1.1
40.7936058044,-73.9975357056,3.78830599785,2017-04-19 00:27:44,"iPhone7,2",10.2.1,1.1
40.8008079529,-73.9942779541,12.7216501236,2017-04-19 00:32:00,"iPhone7,2",10.2.1,1.1
40.8163299561,-73.9800872803,9.44381141663,2017-04-19 00:38:24,"iPhone7,2",10.2.1,1.1
40.8124694824,-73.9839553833,4.37018108368,2017-04-19 00:53:20,"iPhone7,2",10.2.1,1.1
40.81016922,-73.9890899658,9.11647319794,2017-04-19 01:16:48,"iPhone7,2",10.2.1,1.1
40.7997322083,-73.9912490845,6.85436916351,2017-04-19 01:18:56,"iPhone7,2",10.2.1,1.1
40.7905006409,-73.9861526489,8.36576461792,2017-04-19 01:29:36,"iPhone7,2",10.2.1,1.1
40.8039588928,-73.991104126,6.94583940506,2017-04-19 01:36:00,"iPhone7,2",10.2.1,1.1
40.8117370605,-73.9872665405,15.8094530106,2017-04-20 13:37:04,"iPhone7,2",10.2.1,1.1
40.8162918091,-73.9800109863,13.5227012634,2017-04-20 13:43:28,"iPhone7,2",10.2.1,1.1
40.8084602356,-73.9899291992,8.01783370972,2017-04-20 14:38:56,"iPhone7,2",10.2.1,1.1
40.8040046692,-73.9909667969,10.2817373276,2017-04-20 14:45:20,"iPhone7,2",10.2.1,1.1
40.810546875,-73.9887619019,9.28853416443,2017-04-20 19:14:08,"iPhone7,2",10.2.1,1.1
40.8163261414,-73.9814529419,6.02729940414,2017-04-20 19:18:24,"iPhone7,2",10.2.1,1.1
40.8067436218,-73.9929962158,6.24389743805,2017-04-20 19:31:12,"iPhone7,2",10.2.1,1.1
40.7763290405,-73.9957199097,11.2488574982,2017-04-21 14:04:48,"iPhone7,2",10.2.1,1.1
40.8042373657,-73.990234375,10.0062170029,2017-04-21 14:11:12,"iPhone7,2",10.2.1,1.1
40.8086433411,-73.9915008545,17.9942321777,2017-04-21 14:21:52,"iPhone7,2",10.2.1,1.1
40.8268241882,-73.9871826172,97.2181396484,2017-04-21 14:26:08,"iPhone7,2",10.2.1,1.1
40.8425140381,-73.990776062,55.8581542969,2017-04-21 14:30:24,"iPhone7,2",10.2.1,1.1
40.8527755737,-74.0333328247,-0.162287160754,2017-04-21 14:36:48,"iPhone7,2",10.2.1,1.1
40.86353302,-74.0487823486,-0.393842607737,2017-04-21 14:41:04,"iPhone7,2",10.2.1,1.1
40.86536026,-74.0466766357,0,2017-04-21 14:51:44,"iPhone7,2",10.2.1,1.1
40.8666572571,-74.0409393311,4.72529220581,2017-04-21 16:49:04,"iPhone7,2",10.2.1,1.1
40.8418655396,-73.9953384399,25.8920764923,2017-04-21 16:55:28,"iPhone7,2",10.2.1,1.1
40.8280944824,-73.9906997681,77.3162155151,2017-04-21 16:59:44,"iPhone7,2",10.2.1,1.1
40.8044967651,-73.993019104,83.7411804199,2017-04-21 17:06:08,"iPhone7,2",10.2.1,1.1
40.7911109924,-73.9848937988,83.7411804199,2017-04-21 17:12:32,"iPhone7,2",10.2.1,1.1
40.8037071228,-73.9897613525,4.20309448242,2017-04-21 17:16:48,"iPhone7,2",10.2.1,1.1
40.7913627625,-73.9850311279,-0.390319824219,2017-04-21 17:46:40,"iPhone7,2",10.2.1,1.1
40.7787246704,-73.9933700562,-0.390319824219,2017-04-21 17:57:20,"iPhone7,2",10.2.1,1.1
40.8036231995,-73.9897842407,3.94946289062,2017-04-21 18:03:44,"iPhone7,2",10.2.1,1.1
40.7904167175,-73.9851150513,3.96273803711,2017-04-21 18:08:00,"iPhone7,2",10.2.1,1.1
40.8052215576,-73.9922027588,3.96273803711,2017-04-21 18:12:16,"iPhone7,2",10.2.1,1.1
40.8107261658,-73.990852356,23.1259651184,2017-04-23 15:42:56,"iPhone7,2",10.2.1,1.1
40.8272895813,-73.9811019897,48.4543838501,2017-04-23 15:49:20,"iPhone7,2",10.2.1,1.1
40.8474006653,-73.9796295166,57.4876403809,2017-04-23 15:53:36,"iPhone7,2",10.2.1,1.1
40.8428649902,-73.9798126221,49.0828666687,2017-04-23 16:02:08,"iPhone7,2",10.2.1,1.1
40.8485794067,-73.9807662964,78.0772323608,2017-04-23 16:06:24,"iPhone7,2",10.2.1,1.1
40.8429145813,-73.9813461304,84.4343032837,2017-04-23 16:21:20,"iPhone7,2",10.2.1,1.1
40.8463935852,-73.9774703979,43.662361145,2017-04-23 16:27:44,"iPhone7,2",10.2.1,1.1
40.8422317505,-73.9799957275,89.2484436035,2017-04-23 17:50:56,"iPhone7,2",10.2.1,1.1
40.8251037598,-73.9831771851,81.9754333496,2017-04-23 17:55:12,"iPhone7,2",10.2.1,1.1
40.804058075,-73.9931411743,7.91329908371,2017-04-23 18:01:36,"iPhone7,2",10.2.1,1.1
40.7918968201,-73.9983596802,6.46689414978,2017-04-23 18:05:52,"iPhone7,2",10.2.1,1.1
40.8023757935,-73.9935913086,4.8513417244,2017-04-23 18:37:52,"iPhone7,2",10.2.1,1.1
40.8020324707,-73.9816970825,8.10603237152,2017-04-23 19:05:36,"iPhone7,2",10.2.1,1.1
40.8039398193,-73.9910049438,7.76048851013,2017-04-23 19:12:00,"iPhone7,2",10.2.1,1.1
40.8004760742,-73.9718322754,6.17397022247,2017-04-24 12:33:04,"iPhone7,2",10.2.1,1.1
40.8125228882,-73.9903564453,47.4665527344,2017-04-24 12:37:20,"iPhone7,2",10.2.1,1.1
40.8285522461,-73.989982605,87.1645507812,2017-04-24 12:43:44,"iPhone7,2",10.2.1,1.1
40.8396835327,-73.9879760742,79.932434082,2017-04-24 12:48:00,"iPhone7,2",10.2.1,1.1
40.8441200256,-73.9866409302,86.8248596191,2017-04-24 13:02:56,"iPhone7,2",10.2.1,1.1
40.8515510559,-73.986541748,84.9213562012,2017-04-24 13:07:12,"iPhone7,2",10.2.1,1.1
40.8477134705,-73.9896850586,70.444732666,2017-04-24 13:32:48,"iPhone7,2",10.2.1,1.1
40.8289985657,-73.9922180176,80.0130310059,2017-04-24 13:39:12,"iPhone7,2",10.2.1,1.1
40.8111572266,-73.9909057617,40.0269775391,2017-04-24 13:43:28,"iPhone7,2",10.2.1,1.1
40.8039741516,-73.9903793335,5.44920158386,2017-04-24 13:49:52,"iPhone7,2",10.2.1,1.1
40.8040962219,-73.9909973145,6.99050331116,2017-04-24 13:52:00,"iPhone7,2",10.2.1,1.1
40.8133811951,-73.9903564453,37,2017-04-24 19:29:04,"iPhone7,2",10.2.1,1.1
40.8301849365,-73.9930801392,37,2017-04-24 19:33:20,"iPhone7,2",10.2.1,1.1
40.8398780823,-73.9876785278,83.0535202026,2017-04-24 19:37:36,"iPhone7,2",10.2.1,1.1
40.8357276917,-73.9903488159,37,2017-04-24 19:50:24,"iPhone7,2",10.2.1,1.1
40.8199539185,-73.9884033203,60.4632835388,2017-04-24 19:54:40,"iPhone7,2",10.2.1,1.1
40.8043441772,-73.9898376465,7.218334198,2017-04-24 20:01:04,"iPhone7,2",10.2.1,1.1
40.8089523315,-73.9895324707,2.55502319336,2017-04-25 12:39:28,"iPhone7,2",10.2.1,1.1
40.8287734985,-73.972328186,4.32696533203,2017-04-25 12:43:44,"iPhone7,2",10.2.1,1.1
40.8377799988,-73.9794158936,79.4223327637,2017-04-25 12:50:08,"iPhone7,2",10.2.1,1.1
40.8505325317,-73.9871139526,79.1008605957,2017-04-25 12:54:24,"iPhone7,2",10.2.1,1.1
40.8469200134,-73.9906616211,40.843963623,2017-04-25 13:00:48,"iPhone7,2",10.2.1,1.1
40.8396644592,-73.9879608154,89.1544494629,2017-04-25 13:05:04,"iPhone7,2",10.2.1,1.1
40.8355827332,-73.9906387329,67.5231628418,2017-04-25 13:13:36,"iPhone7,2",10.2.1,1.1
40.8200454712,-73.9881439209,41.6876144409,2017-04-25 13:20:00,"iPhone7,2",10.2.1,1.1
40.8044052124,-73.9915542603,6.427069664,2017-04-25 13:24:16,"iPhone7,2",10.2.1,1.1
40.7867622375,-73.9935150146,9.22262573242,2017-04-25 13:30:40,"iPhone7,2",10.2.1,1.1
40.8039512634,-73.9911270142,7.70461845398,2017-04-25 13:34:56,"iPhone7,2",10.2.1,1.1
40.810798645,-73.9908981323,35.433380127,2017-04-25 15:13:04,"iPhone7,2",10.2.1,1.1
40.8276863098,-73.9872589111,81.4896011353,2017-04-25 15:19:28,"iPhone7,2",10.2.1,1.1
40.8399085999,-73.9879302979,83.3254089355,2017-04-25 15:23:44,"iPhone7,2",10.2.1,1.1
40.8464012146,-73.9854812622,61.767578125,2017-04-25 16:38:24,"iPhone7,2",10.2.1,1.1
40.8510398865,-73.9711914062,51.6207008362,2017-04-25 16:42:40,"iPhone7,2",10.2.1,1.1
40.8497848511,-73.9779052734,72.5647354126,2017-04-25 18:05:52,"iPhone7,2",10.2.1,1.1
40.8518829346,-73.9726028442,86.5878601074,2017-04-25 18:14:24,"iPhone7,2",10.2.1,1.1
40.8475570679,-73.9708862305,85.2643127441,2017-04-25 18:59:12,"iPhone7,2",10.2.1,1.1
40.8433265686,-73.9730834961,83.5264587402,2017-04-25 19:26:56,"iPhone7,2",10.2.1,1.1
40.8401756287,-73.9873428345,84.1359558105,2017-04-25 19:31:12,"iPhone7,2",10.2.1,1.1
40.8363723755,-73.9907836914,71.3418884277,2017-04-25 19:41:52,"iPhone7,2",10.2.1,1.1
40.8129920959,-73.9904022217,55.1211853027,2017-04-25 19:46:08,"iPhone7,2",10.2.1,1.1
40.804069519,-73.9908065796,7.00236272812,2017-04-25 19:50:24,"iPhone7,2",10.2.1,1.1
40.818561554,-73.988609314,14.0878772736,2017-04-26 13:15:44,"iPhone7,2",10.2.1,1.1
40.8332214355,-73.9913711548,46.6715164185,2017-04-26 13:22:08,"iPhone7,2",10.2.1,1.1
40.8400344849,-73.9875411987,83.5373077393,2017-04-26 13:26:24,"iPhone7,2",10.2.1,1.1
40.8257446289,-73.9870071411,60.6006278992,2017-04-26 13:32:48,"iPhone7,2",10.2.1,1.1
40.8097038269,-73.9923095703,62.9637832642,2017-04-26 13:37:04,"iPhone7,2",10.2.1,1.1
40.8040237427,-73.9910049438,9.27147674561,2017-04-26 13:41:20,"iPhone7,2",10.2.1,1.1
40.8000946045,-73.9953842163,10.2076301575,2017-04-26 13:54:08,"iPhone7,2",10.2.1,1.1
40.7806587219,-74.0089569092,8.33076095581,2017-04-26 13:58:24,"iPhone7,2",10.2.1,1.1
40.7612724304,-74.0214233398,4.48332500458,2017-04-26 14:04:48,"iPhone7,2",10.2.1,1.1
40.7600860596,-74.0275726318,7.34584283829,2017-04-26 14:09:04,"iPhone7,2",10.2.1,1.1
40.7579154968,-74.0045776367,11.4835224152,2017-04-26 14:15:28,"iPhone7,2",10.2.1,1.1
40.7565498352,-73.9922180176,17.3813056946,2017-04-26 14:21:52,"iPhone7,2",10.2.1,1.1
40.749458313,-73.9880828857,15,2017-04-26 14:49:36,"iPhone7,2",10.2.1,1.1
40.7355003357,-73.9907226562,15,2017-04-26 14:56:00,"iPhone7,2",10.2.1,1.1
40.7298316956,-73.9935073853,15,2017-04-26 15:02:24,"iPhone7,2",10.2.1,1.1
40.7497215271,-73.9934463501,14.8552789688,2017-04-27 03:48:16,"iPhone7,2",10.2.1,1.1
40.7613754272,-74.0016479492,14.8552789688,2017-04-27 04:03:12,"iPhone7,2",10.2.1,1.1
40.778793335,-74.0058517456,14.8552789688,2017-04-27 04:11:44,"iPhone7,2",10.2.1,1.1
40.7915878296,-73.986656189,14.8552789688,2017-04-27 04:18:08,"iPhone7,2",10.2.1,1.1
40.8050804138,-73.988067627,6.84631347656,2017-04-27 04:22:24,"iPhone7,2",10.2.1,1.1
40.8107643127,-73.9909133911,24.7558460236,2017-04-27 13:05:04,"iPhone7,2",10.2.1,1.1
40.8294029236,-73.9912948608,71.6318511963,2017-04-27 13:11:28,"iPhone7,2",10.2.1,1.1
40.8402862549,-73.9871902466,82.1927337646,2017-04-27 13:15:44,"iPhone7,2",10.2.1,1.1
40.8293800354,-73.9930496216,64.9124221802,2017-04-27 13:20:00,"iPhone7,2",10.2.1,1.1
40.8093833923,-73.9911117554,50.2137145996,2017-04-27 13:26:24,"iPhone7,2",10.2.1,1.1
40.8036231995,-73.9914169312,7.04571914673,2017-04-27 13:30:40,"iPhone7,2",10.2.1,1.1
40.799243927,-73.9953689575,19.7130661011,2017-04-27 13:39:12,"iPhone7,2",10.2.1,1.1
40.7801246643,-74.0095443726,10.1568870544,2017-04-27 13:45:36,"iPhone7,2",10.2.1,1.1
40.7609672546,-74.0217437744,5.42513179779,2017-04-27 13:49:52,"iPhone7,2",10.2.1,1.1
40.756816864,-74.0013885498,14.3910007477,2017-04-27 14:04:48,"iPhone7,2",10.2.1,1.1
40.7576255798,-73.9941558838,14.7665786743,2017-04-27 14:15:28,"iPhone7,2",10.2.1,1.1
40.7553215027,-73.9887542725,24.6265411377,2017-04-27 14:26:08,"iPhone7,2",10.2.1,1.1
40.7498779297,-73.9880523682,17.4086875916,2017-04-27 14:30:24,"iPhone7,2",10.2.1,1.1
40.735408783,-73.9907531738,15,2017-04-27 14:36:48,"iPhone7,2",10.2.1,1.1
40.7295722961,-73.9934768677,15,2017-04-27 14:41:04,"iPhone7,2",10.2.1,1.1
40.7307815552,-73.9992294312,12.7777090073,2017-04-27 23:00:16,"iPhone7,2",10.2.1,1.1
40.7283096313,-73.9940338135,14.6492567062,2017-04-28 00:40:32,"iPhone7,2",10.2.1,1.1
40.7354774475,-73.9906845093,15,2017-04-28 03:20:32,"iPhone7,2",10.2.1,1.1
40.7494163513,-73.9881057739,15,2017-04-28 03:24:48,"iPhone7,2",10.2.1,1.1
40.7548179626,-73.9879379272,23.8194503784,2017-04-28 03:29:04,"iPhone7,2",10.2.1,1.1
40.7578468323,-73.9948730469,26,2017-04-28 04:01:04,"iPhone7,2",10.2.1,1.1
40.7601356506,-74.0271606445,12.8205633163,2017-04-28 04:07:28,"iPhone7,2",10.2.1,1.1
40.7693634033,-74.0162277222,5.612803936,2017-04-28 04:11:44,"iPhone7,2",10.2.1,1.1
40.7830886841,-74.0073776245,14.1529598236,2017-04-28 04:16:00,"iPhone7,2",10.2.1,1.1
40.7871170044,-74.0015563965,14.1871700287,2017-04-28 04:22:24,"iPhone7,2",10.2.1,1.1
40.804397583,-73.9920272827,5.40965127945,2017-04-28 04:26:40,"iPhone7,2",10.2.1,1.1
40.8090744019,-73.9909896851,15.685790062,2017-04-28 13:13:36,"iPhone7,2",10.2.1,1.1
40.8277320862,-73.9883880615,75.6983642578,2017-04-28 13:17:52,"iPhone7,2",10.2.1,1.1
40.840007782,-73.9873123169,82.6939086914,2017-04-28 13:22:08,"iPhone7,2",10.2.1,1.1
40.8358154297,-73.9904403687,80.8572463989,2017-04-28 13:28:32,"iPhone7,2",10.2.1,1.1
40.8148498535,-73.9898223877,60.1990280151,2017-04-28 13:34:56,"iPhone7,2",10.2.1,1.1
40.7923278809,-73.9982070923,8.1500082016,2017-04-28 13:39:12,"iPhone7,2",10.2.1,1.1
40.799697876,-73.9946899414,17.0572147369,2017-04-28 13:52:00,"iPhone7,2",10.2.1,1.1
40.804561615,-73.9925842285,5.02451324463,2017-04-28 13:56:16,"iPhone7,2",10.2.1,1.1
40.7927093506,-73.9984283447,8.78202819824,2017-04-28 14:02:40,"iPhone7,2",10.2.1,1.1
40.8034934998,-73.9933776855,4.06436824799,2017-04-28 14:11:12,"iPhone7,2",10.2.1,1.1
40.7921981812,-73.9854278564,6.82436752319,2017-04-28 14:24:00,"iPhone7,2",10.2.1,1.1
40.8043212891,-73.9911575317,6.78684091568,2017-04-28 14:30:24,"iPhone7,2",10.2.1,1.1
40.8106422424,-73.9908065796,23.0015144348,2017-04-28 19:29:04,"iPhone7,2",10.2.1,1.1
40.826133728,-73.9874191284,79.46925354,2017-04-28 19:33:20,"iPhone7,2",10.2.1,1.1
40.8346710205,-73.990272522,67.5801925659,2017-04-28 19:39:44,"iPhone7,2",10.2.1,1.1
40.8402366638,-73.9874572754,83.3413085938,2017-04-28 19:44:00,"iPhone7,2",10.2.1,1.1
40.8350563049,-73.9906082153,81.3991622925,2017-04-28 19:50:24,"iPhone7,2",10.2.1,1.1
40.82006073,-73.9885406494,77.1031341553,2017-04-28 19:56:48,"iPhone7,2",10.2.1,1.1
40.7931251526,-73.9977798462,6.52033472061,2017-04-28 20:01:04,"iPhone7,2",10.2.1,1.1
40.7974853516,-73.9952926636,5.58713769913,2017-04-28 20:33:04,"iPhone7,2",10.2.1,1.1
40.8039245605,-73.9908981323,7.59956550598,2017-04-28 20:37:20,"iPhone7,2",10.2.1,1.1
40.8023376465,-73.9927825928,0,2017-04-28 20:54:24,"iPhone7,2",10.2.1,1.1
40.8083343506,-73.9914321899,20.4641036987,2017-04-28 23:23:44,"iPhone7,2",10.2.1,1.1
40.8372650146,-73.9785232544,54.8046684265,2017-04-28 23:28:00,"iPhone7,2",10.2.1,1.1
40.8454399109,-73.9797363281,70.2206497192,2017-04-28 23:34:24,"iPhone7,2",10.2.1,1.1
40.8366165161,-73.9640579224,86.7239379883,2017-04-29 00:53:20,"iPhone7,2",10.2.1,1.1
40.8454742432,-73.9798126221,84.7260818481,2017-04-29 00:59:44,"iPhone7,2",10.2.1,1.1
40.8334693909,-73.9582443237,82.5810165405,2017-04-29 01:50:56,"iPhone7,2",10.2.1,1.1
40.8411521912,-73.9720153809,86.3218765259,2017-04-29 02:01:36,"iPhone7,2",10.2.1,1.1
40.8454170227,-73.9797668457,87.5522918701,2017-04-29 02:08:00,"iPhone7,2",10.2.1,1.1
40.8332672119,-73.9579391479,85.7853622437,2017-04-29 02:14:24,"iPhone7,2",10.2.1,1.1
40.8454627991,-73.9799118042,77.3224258423,2017-04-29 02:25:04,"iPhone7,2",10.2.1,1.1
40.8343963623,-73.9598693848,82.6201553345,2017-04-29 02:31:28,"iPhone7,2",10.2.1,1.1
40.845375061,-73.9794540405,91.7497329712,2017-04-29 02:35:44,"iPhone7,2",10.2.1,1.1
40.8222770691,-73.9865646362,59.5577545166,2017-04-29 02:42:08,"iPhone7,2",10.2.1,1.1
40.8049430847,-73.9976043701,35.6941490173,2017-04-29 02:46:24,"iPhone7,2",10.2.1,1.1
40.8037834167,-73.9913787842,6.52053880692,2017-04-29 02:52:48,"iPhone7,2",10.2.1,1.1
40.8000640869,-73.9954299927,29.4791908264,2017-04-29 13:58:24,"iPhone7,2",10.2.1,1.1
40.8070716858,-73.9909286499,6.98203706741,2017-04-29 15:06:40,"iPhone7,2",10.2.1,1.1
40.7783660889,-73.9950561523,6.48684692383,2017-04-29 15:38:40,"iPhone7,2",10.2.1,1.1
40.8039474487,-73.9910430908,7.61777305603,2017-04-29 15:42:56,"iPhone7,2",10.2.1,1.1
40.799697876,-73.9945831299,8.10872459412,2017-04-29 16:40:32,"iPhone7,2",10.2.1,1.1
40.7851104736,-74.0029220581,13.6816120148,2017-04-29 16:44:48,"iPhone7,2",10.2.1,1.1
40.7727775574,-74.0142364502,8.92921829224,2017-04-29 16:51:12,"iPhone7,2",10.2.1,1.1
40.7598648071,-74.027130127,9.52742862701,2017-04-29 16:55:28,"iPhone7,2",10.2.1,1.1
40.757724762,-74.0025100708,9.92903327942,2017-04-29 17:01:52,"iPhone7,2",10.2.1,1.1
40.7564163208,-73.9917831421,15.6033172607,2017-04-29 17:08:16,"iPhone7,2",10.2.1,1.1
40.7498092651,-73.9880065918,15,2017-04-29 17:29:36,"iPhone7,2",10.2.1,1.1
40.7355270386,-73.9907073975,15,2017-04-29 17:36:00,"iPhone7,2",10.2.1,1.1
40.7299118042,-73.993637085,16.4185638428,2017-04-29 17:40:16,"iPhone7,2",10.2.1,1.1
40.7355613708,-73.9906921387,15,2017-04-30 00:04:16,"iPhone7,2",10.2.1,1.1
40.754611969,-73.986907959,16.9993648529,2017-04-30 00:10:40,"iPhone7,2",10.2.1,1.1
40.757019043,-73.9925842285,16.0436820984,2017-04-30 00:32:00,"iPhone7,2",10.2.1,1.1
40.760181427,-74.0269470215,10.4275379181,2017-04-30 00:36:16,"iPhone7,2",10.2.1,1.1
40.7670135498,-74.0161819458,4.63010025024,2017-04-30 00:42:40,"iPhone7,2",10.2.1,1.1
40.7787322998,-74.0106735229,5.50174331665,2017-04-30 00:46:56,"iPhone7,2",10.2.1,1.1
40.7970695496,-73.9966049194,6.40978622437,2017-04-30 00:51:12,"iPhone7,2",10.2.1,1.1
40.8037643433,-73.9905853271,6.9558391571,2017-04-30 00:57:36,"iPhone7,2",10.2.1,1.1
40.794921875,-73.9965896606,6.9593834877,2017-04-30 01:01:52,"iPhone7,2",10.2.1,1.1
40.7998886108,-73.9945602417,6.52303981781,2017-04-30 03:56:48,"iPhone7,2",10.2.1,1.1
40.8043479919,-73.990447998,6.30174541473,2017-04-30 04:03:12,"iPhone7,2",10.2.1,1.1
40.7794342041,-73.994682312,7.1396484375,2017-04-30 04:07:28,"iPhone7,2",10.2.1,1.1
40.803981781,-73.9911270142,7.71065139771,2017-04-30 04:13:52,"iPhone7,2",10.2.1,1.1
40.8140487671,-73.9901504517,58.6934204102,2017-04-30 15:57:52,"iPhone7,2",10.2.1,1.1
40.8297805786,-73.9800186157,68.0915374756,2017-04-30 16:04:16,"iPhone7,2",10.2.1,1.1
40.8433990479,-73.9794616699,91.3178329468,2017-04-30 16:08:32,"iPhone7,2",10.2.1,1.1
40.840259552,-73.9837341309,77.9143981934,2017-04-30 17:44:32,"iPhone7,2",10.2.1,1.1
40.8454437256,-74.0041732788,1.17596828938,2017-04-30 17:48:48,"iPhone7,2",10.2.1,1.1
40.849647522,-74.0018386841,6.42705821991,2017-04-30 18:03:44,"iPhone7,2",10.2.1,1.1
40.8508796692,-73.9956054688,23.3891639709,2017-04-30 18:08:00,"iPhone7,2",10.2.1,1.1
40.8469467163,-73.9985961914,23.5954589844,2017-04-30 18:14:24,"iPhone7,2",10.2.1,1.1
40.8443374634,-73.9936294556,35.2414855957,2017-04-30 19:29:04,"iPhone7,2",10.2.1,1.1
40.8291625977,-73.9938735962,72.1347732544,2017-04-30 19:35:28,"iPhone7,2",10.2.1,1.1
40.8147163391,-73.9898529053,62.5742454529,2017-04-30 19:39:44,"iPhone7,2",10.2.1,1.1
40.8036308289,-73.9906387329,7.38234567642,2017-04-30 19:44:00,"iPhone7,2",10.2.1,1.1
40.7963142395,-73.9965362549,8.51837253571,2017-04-30 21:15:44,"iPhone7,2",10.2.1,1.1
40.8020515442,-73.9936141968,9.25546360016,2017-05-01 03:33:20,"iPhone7,2",10.2.1,1.1
40.7973709106,-73.9957275391,5.42457056046,2017-05-01 12:26:40,"iPhone7,2",10.2.1,1.1
40.7803573608,-74.0091171265,11.1761617661,2017-05-01 12:30:56,"iPhone7,2",10.2.1,1.1
40.7691917419,-74.0164413452,8.17678451538,2017-05-01 12:37:20,"iPhone7,2",10.2.1,1.1
40.7595596313,-74.0243682861,6.7691526413,2017-05-01 12:41:36,"iPhone7,2",10.2.1,1.1
40.7651367188,-74.0233535767,6.75471305847,2017-05-01 12:45:52,"iPhone7,2",10.2.1,1.1
40.7551498413,-73.9983291626,6.6894068718,2017-05-01 12:52:16,"iPhone7,2",10.2.1,1.1
40.7565689087,-73.9920196533,14.4425401688,2017-05-01 12:58:40,"iPhone7,2",10.2.1,1.1
40.7492446899,-73.9881973267,15,2017-05-01 13:15:44,"iPhone7,2",10.2.1,1.1
40.730556488,-73.9925765991,15,2017-05-01 13:22:08,"iPhone7,2",10.2.1,1.1
40.735458374,-73.9906616211,13.2816467285,2017-05-01 19:54:40,"iPhone7,2",10.2.1,1.1
40.749420166,-73.9880905151,18.5500640869,2017-05-01 20:01:04,"iPhone7,2",10.2.1,1.1
40.7552261353,-73.9887466431,23.6009044647,2017-05-01 20:05:20,"iPhone7,2",10.2.1,1.1
40.7574310303,-73.9958267212,10.9555549622,2017-05-01 20:16:00,"iPhone7,2",10.2.1,1.1
40.7602233887,-74.0272903442,5.58109521866,2017-05-01 20:22:24,"iPhone7,2",10.2.1,1.1
40.768737793,-74.0167236328,3.77650499344,2017-05-01 20:26:40,"iPhone7,2",10.2.1,1.1
40.7834281921,-74.0068740845,5.8768453598,2017-05-01 20:33:04,"iPhone7,2",10.2.1,1.1
40.7990760803,-73.9948348999,5.95586109161,2017-05-01 20:37:20,"iPhone7,2",10.2.1,1.1
40.803981781,-73.9910430908,7.53284072876,2017-05-01 20:43:44,"iPhone7,2",10.2.1,1.1
40.8084144592,-73.9898071289,3.27359008789,2017-05-01 22:09:04,"iPhone7,2",10.2.1,1.1
40.8123092651,-73.9861984253,0.817138671875,2017-05-01 22:13:20,"iPhone7,2",10.2.1,1.1
40.8087081909,-73.9898147583,3.29098510742,2017-05-01 22:32:32,"iPhone7,2",10.2.1,1.1
40.8040771484,-73.9909439087,3.83425140381,2017-05-01 22:38:56,"iPhone7,2",10.2.1,1.1
40.8037757874,-73.9911804199,7.04055070877,2017-05-02 00:40:32,"iPhone7,2",10.2.1,1.1
40.7999000549,-73.9953765869,16.4139919281,2017-05-02 00:59:44,"iPhone7,2",10.2.1,1.1
40.8240699768,-74.0087280273,20.3780784607,2017-05-02 01:06:08,"iPhone7,2",10.2.1,1.1
40.8144721985,-74.0032806396,27.325460434,2017-05-02 01:42:24,"iPhone7,2",10.2.1,1.1
40.7995071411,-73.9969711304,49.2917060852,2017-05-02 01:46:40,"iPhone7,2",10.2.1,1.1
40.8042640686,-73.9903488159,6.41832685471,2017-05-02 01:53:04,"iPhone7,2",10.2.1,1.1
40.783908844,-73.9938812256,5.84897232056,2017-05-02 01:59:28,"iPhone7,2",10.2.1,1.1
40.8116531372,-73.9904556274,34.2440643311,2017-05-02 13:11:28,"iPhone7,2",10.2.1,1.1
40.828868866,-73.9900283813,81.317741394,2017-05-02 13:15:44,"iPhone7,2",10.2.1,1.1
40.8401489258,-73.9872055054,81.3235626221,2017-05-02 13:22:08,"iPhone7,2",10.2.1,1.1
40.8333396912,-73.9911880493,74.7594528198,2017-05-02 13:28:32,"iPhone7,2",10.2.1,1.1
40.8179016113,-73.9893951416,59.4459991455,2017-05-02 13:34:56,"iPhone7,2",10.2.1,1.1
40.8046951294,-73.9908294678,5.91114521027,2017-05-02 13:39:12,"iPhone7,2",10.2.1,1.1
40.8000717163,-73.9937057495,6.75229358673,2017-05-02 13:52:00,"iPhone7,2",10.2.1,1.1
40.7829437256,-74.0076522827,7.00518369675,2017-05-02 13:58:24,"iPhone7,2",10.2.1,1.1
40.7635002136,-73.9997940063,9.76923274994,2017-05-02 14:04:48,"iPhone7,2",10.2.1,1.1
40.7631988525,-74.0235061646,10.9352045059,2017-05-02 14:09:04,"iPhone7,2",10.2.1,1.1
40.7587509155,-74.0065383911,7.82106637955,2017-05-02 14:21:52,"iPhone7,2",10.2.1,1.1
40.7573394775,-73.9950714111,11.0993824005,2017-05-02 14:28:16,"iPhone7,2",10.2.1,1.1
40.7550392151,-73.98777771,25.3573684692,2017-05-02 14:41:04,"iPhone7,2",10.2.1,1.1
40.7279815674,-73.999168396,-7.78665161133,2017-05-02 20:07:28,"iPhone7,2",10.2.1,1.1
40.7424812317,-73.9984588623,5.99129295349,2017-05-02 20:24:32,"iPhone7,2",10.2.1,1.1
40.7543907166,-73.9872589111,5.99129295349,2017-05-02 20:30:56,"iPhone7,2",10.2.1,1.1
40.7598800659,-74.0031585693,5.99129295349,2017-05-02 20:48:00,"iPhone7,2",10.2.1,1.1
40.7562408447,-74.0246047974,5.99129295349,2017-05-02 20:56:32,"iPhone7,2",10.2.1,1.1
40.7716751099,-74.00806427,5.99129295349,2017-05-02 21:00:48,"iPhone7,2",10.2.1,1.1
40.7922286987,-73.9924240112,17.4652404785,2017-05-02 21:07:12,"iPhone7,2",10.2.1,1.1
40.8064537048,-73.9783859253,27.364074707,2017-05-02 21:11:28,"iPhone7,2",10.2.1,1.1
40.8037185669,-73.9909515381,6.17967319489,2017-05-02 21:15:44,"iPhone7,2",10.2.1,1.1
40.8081626892,-73.9899139404,22.8557739258,2017-05-02 23:00:16,"iPhone7,2",10.2.1,1.1
40.8138885498,-73.9825286865,37.7162628174,2017-05-02 23:06:40,"iPhone7,2",10.2.1,1.1
40.8115463257,-73.9876861572,16.6578674316,2017-05-02 23:17:20,"iPhone7,2",10.2.1,1.1
40.7868919373,-74.0026245117,35.3355407715,2017-05-02 23:21:36,"iPhone7,2",10.2.1,1.1
40.7708282471,-74.0176849365,69.329284668,2017-05-02 23:28:00,"iPhone7,2",10.2.1,1.1
40.7686958313,-74.0231628418,50.6944580078,2017-05-02 23:32:16,"iPhone7,2",10.2.1,1.1
40.7791900635,-74.0456085205,2.7262878418,2017-05-02 23:36:32,"iPhone7,2",10.2.1,1.1
40.7796096802,-74.0396347046,18.8619995117,2017-05-02 23:49:20,"iPhone7,2",10.2.1,1.1
40.7679367065,-74.0224914551,41.6921691895,2017-05-02 23:53:36,"iPhone7,2",10.2.1,1.1
40.778793335,-74.0113220215,3.73629760742,2017-05-02 23:57:52,"iPhone7,2",10.2.1,1.1
40.7926101685,-73.9982757568,4.32238769531,2017-05-03 00:04:16,"iPhone7,2",10.2.1,1.1
40.792678833,-73.9982147217,3.93783998489,2017-05-03 00:27:44,"iPhone7,2",10.2.1,1.1
40.7986068726,-73.9951629639,5.27359724045,2017-05-03 03:52:32,"iPhone7,2",10.2.1,1.1
40.8043518066,-73.9902114868,6.18542957306,2017-05-03 03:56:48,"iPhone7,2",10.2.1,1.1
40.8156547546,-73.9893875122,45.1925354004,2017-05-03 13:17:52,"iPhone7,2",10.2.1,1.1
40.8324127197,-73.9917144775,66.3555297852,2017-05-03 13:22:08,"iPhone7,2",10.2.1,1.1
40.8401412964,-73.9873275757,82.3553543091,2017-05-03 13:26:24,"iPhone7,2",10.2.1,1.1
40.8450317383,-73.986114502,90.5129699707,2017-05-03 13:37:04,"iPhone7,2",10.2.1,1.1
40.8497543335,-73.9708251953,83.090057373,2017-05-03 13:41:20,"iPhone7,2",10.2.1,1.1
40.8452377319,-73.9716567993,85.5418395996,2017-05-03 19:29:04,"iPhone7,2",10.2.1,1.1
40.8396682739,-73.987953186,79.6628723145,2017-05-03 19:33:20,"iPhone7,2",10.2.1,1.1
40.8297691345,-73.9934997559,80.0259933472,2017-05-03 19:50:24,"iPhone7,2",10.2.1,1.1
40.8076324463,-73.9910583496,31.6955680847,2017-05-03 19:56:48,"iPhone7,2",10.2.1,1.1
40.8136787415,-73.990272522,37,2017-05-04 13:26:24,"iPhone7,2",10.2.1,1.1
40.829662323,-73.9917373657,77.0134048462,2017-05-04 13:30:40,"iPhone7,2",10.2.1,1.1
40.8400421143,-73.9874038696,91.412689209,2017-05-04 13:37:04,"iPhone7,2",10.2.1,1.1
40.8445205688,-73.9864120483,85.357208252,2017-05-04 13:41:20,"iPhone7,2",10.2.1,1.1
40.8600921631,-73.9709014893,101.57711792,2017-05-04 13:45:36,"iPhone7,2",10.2.1,1.1
40.8609695435,-73.9705047607,97.9641876221,2017-05-04 14:06:56,"iPhone7,2",10.2.1,1.1
40.8552932739,-73.9708557129,48,2017-05-04 14:15:28,"iPhone7,2",10.2.1,1.1
40.8358764648,-73.9739532471,48,2017-05-04 14:21:52,"iPhone7,2",10.2.1,1.1
40.8246574402,-73.9737319946,10.2338514328,2017-05-04 14:32:32,"iPhone7,2",10.2.1,1.1
40.8207473755,-73.9772567749,8.85754394531,2017-05-04 14:58:08,"iPhone7,2",10.2.1,1.1
40.8043670654,-73.990447998,6.56021881104,2017-05-04 15:06:40,"iPhone7,2",10.2.1,1.1
40.8001556396,-73.9945297241,6.99311542511,2017-05-04 15:17:20,"iPhone7,2",10.2.1,1.1
40.792804718,-73.998008728,3.74980592728,2017-05-04 15:25:52,"iPhone7,2",10.2.1,1.1
40.8015632629,-73.9940948486,11.3536624908,2017-05-04 17:16:48,"iPhone7,2",10.2.1,1.1
40.8140983582,-73.9840774536,2.02694702148,2017-05-04 17:21:04,"iPhone7,2",10.2.1,1.1
40.804889679,-73.99269104,1.46655273438,2017-05-04 17:27:28,"iPhone7,2",10.2.1,1.1
40.7974891663,-73.995475769,5.01908254623,2017-05-04 17:46:40,"iPhone7,2",10.2.1,1.1
40.7831611633,-74.0070495605,34.2849693298,2017-05-04 17:50:56,"iPhone7,2",10.2.1,1.1
40.7636909485,-74.0213623047,3.46052575111,2017-05-04 17:57:20,"iPhone7,2",10.2.1,1.1
40.756893158,-74.0009307861,11.7227897644,2017-05-04 18:03:44,"iPhone7,2",10.2.1,1.1
40.7563858032,-73.9916000366,15.2885694504,2017-05-04 18:08:00,"iPhone7,2",10.2.1,1.1
40.749835968,-73.9879989624,15,2017-05-04 18:27:12,"iPhone7,2",10.2.1,1.1
40.7354698181,-73.9907073975,15,2017-05-04 18:31:28,"iPhone7,2",10.2.1,1.1
40.7298927307,-73.9935836792,16.1186847687,2017-05-04 18:37:52,"iPhone7,2",10.2.1,1.1
40.7358398438,-73.9906539917,12.401799202,2017-05-04 21:56:16,"iPhone7,2",10.2.1,1.1
40.7453575134,-73.9884262085,15,2017-05-04 22:02:40,"iPhone7,2",10.2.1,1.1
40.7543907166,-73.9868392944,20.3004894257,2017-05-04 22:06:56,"iPhone7,2",10.2.1,1.1
40.75938797,-74.0079650879,16.6546173096,2017-05-04 22:26:08,"iPhone7,2",10.2.1,1.1
40.7599182129,-74.0223312378,2.18472671509,2017-05-04 22:32:32,"iPhone7,2",10.2.1,1.1
40.7661018372,-74.0015716553,2.18472671509,2017-05-04 22:36:48,"iPhone7,2",10.2.1,1.1
40.7803192139,-73.9958648682,2.63550186157,2017-05-04 22:43:12,"iPhone7,2",10.2.1,1.1
40.7967453003,-73.9932022095,2.63550186157,2017-05-04 22:49:36,"iPhone7,2",10.2.1,1.1
40.8040351868,-73.9912185669,-8.38106918335,2017-05-04 23:04:32,"iPhone7,2",10.2.1,1.1
40.8084106445,-73.9897689819,5.02395629883,2017-05-05 14:38:56,"iPhone7,2",10.2.1,1.1
40.8329277039,-73.9724197388,5.12377929688,2017-05-05 14:43:12,"iPhone7,2",10.2.1,1.1
40.8407096863,-73.9700546265,5.17376232147,2017-05-05 14:53:52,"iPhone7,2",10.2.1,1.1
40.8235397339,-73.9756088257,12.4169282913,2017-05-05 14:58:08,"iPhone7,2",10.2.1,1.1
40.8046073914,-73.9927139282,4.44280338287,2017-05-05 15:04:32,"iPhone7,2",10.2.1,1.1
40.7975654602,-73.9956207275,4.96951723099,2017-05-05 15:28:00,"iPhone7,2",10.2.1,1.1
40.7799110413,-74.0093765259,5.56623363495,2017-05-05 15:32:16,"iPhone7,2",10.2.1,1.1
40.7597923279,-74.022354126,5.2773141861,2017-05-05 15:38:40,"iPhone7,2",10.2.1,1.1
40.7551994324,-73.9950866699,7.39386177063,2017-05-05 15:47:12,"iPhone7,2",10.2.1,1.1
40.7562446594,-73.9887924194,13.6629304886,2017-05-05 15:53:36,"iPhone7,2",10.2.1,1.1
40.7498283386,-73.9879989624,15,2017-05-05 16:00:00,"iPhone7,2",10.2.1,1.1
40.7307014465,-73.992805481,17.2043495178,2017-05-05 16:06:24,"iPhone7,2",10.2.1,1.1
40.7296257019,-73.9936065674,13.2515830994,2017-05-05 20:18:08,"iPhone7,2",10.2.1,1.1
40.7355651855,-73.9906692505,12.8887662888,2017-05-05 20:50:08,"iPhone7,2",10.2.1,1.1
40.7498016357,-73.987991333,15,2017-05-05 20:54:24,"iPhone7,2",10.2.1,1.1
40.7551689148,-73.9885787964,24.5075130463,2017-05-05 20:58:40,"iPhone7,2",10.2.1,1.1
40.7577629089,-73.9937133789,15.6070213318,2017-05-05 21:24:16,"iPhone7,2",10.2.1,1.1
40.7607879639,-74.0267333984,7.31228303909,2017-05-05 21:28:32,"iPhone7,2",10.2.1,1.1
40.761756897,-74.0207061768,5.96305942535,2017-05-05 21:34:56,"iPhone7,2",10.2.1,1.1
40.7741127014,-74.0131912231,24.1611232758,2017-05-05 21:39:12,"iPhone7,2",10.2.1,1.1
40.7925491333,-73.9981155396,4.98472499847,2017-05-05 21:43:28,"iPhone7,2",10.2.1,1.1
40.8037719727,-73.9914093018,5.81463479996,2017-05-05 21:49:52,"iPhone7,2",10.2.1,1.1
40.8085289001,-73.9915542603,32.5958595276,2017-05-05 23:23:44,"iPhone7,2",10.2.1,1.1
40.8279342651,-73.9807434082,69.854347229,2017-05-05 23:28:00,"iPhone7,2",10.2.1,1.1
40.847202301,-73.9779891968,91.8704833984,2017-05-05 23:34:24,"iPhone7,2",10.2.1,1.1
40.8273773193,-73.9517822266,37,2017-05-06 00:04:16,"iPhone7,2",10.2.1,1.1
40.8454551697,-73.9797515869,37,2017-05-06 00:08:32,"iPhone7,2",10.2.1,1.1
40.8396492004,-73.970664978,93.4620513916,2017-05-06 00:32:00,"iPhone7,2",10.2.1,1.1
40.8454818726,-73.9797821045,86.7852172852,2017-05-06 00:38:24,"iPhone7,2",10.2.1,1.1
40.8274841309,-73.9519577026,82.7407684326,2017-05-06 01:57:20,"iPhone7,2",10.2.1,1.1
40.8452949524,-73.9809341431,83.6801147461,2017-05-06 02:14:24,"iPhone7,2",10.2.1,1.1
40.8344306946,-73.9838104248,37,2017-05-06 02:20:48,"iPhone7,2",10.2.1,1.1
40.8130874634,-73.9905853271,42.7286949158,2017-05-06 02:25:04,"iPhone7,2",10.2.1,1.1
40.8038711548,-73.9908828735,6.93879413605,2017-05-06 02:29:20,"iPhone7,2",10.2.1,1.1
40.8083992004,-73.9897766113,10.7271728516,2017-05-07 15:38:40,"iPhone7,2",10.2.1,1.1
40.8262481689,-73.9738693237,3.76477050781,2017-05-07 15:45:04,"iPhone7,2",10.2.1,1.1
40.8398933411,-73.9762496948,73.8084716797,2017-05-07 15:49:20,"iPhone7,2",10.2.1,1.1
40.8510780334,-73.9686813354,89.8857421875,2017-05-07 18:20:48,"iPhone7,2",10.2.1,1.1
40.8140602112,-73.9828796387,37,2017-05-07 18:31:28,"iPhone7,2",10.2.1,1.1
40.80991745,-73.9894485474,9.1541595459,2017-05-07 18:42:08,"iPhone7,2",10.2.1,1.1
40.8041648865,-73.9904251099,6.4188041687,2017-05-07 18:48:32,"iPhone7,2",10.2.1,1.1
40.8008956909,-73.9947052002,15.7311306,2017-05-07 21:11:28,"iPhone7,2",10.2.1,1.1
40.8062171936,-73.9915313721,7.83817243576,2017-05-07 21:17:52,"iPhone7,2",10.2.1,1.1
40.8169212341,-73.9806594849,16.6560745239,2017-05-07 21:22:08,"iPhone7,2",10.2.1,1.1
40.8208465576,-73.9773712158,9.73030376434,2017-05-07 23:02:24,"iPhone7,2",10.2.1,1.1
40.8069877625,-73.9908065796,11.999001503,2017-05-07 23:06:40,"iPhone7,2",10.2.1,1.1
40.8110466003,-73.9879760742,10.6466369629,2017-05-08 14:32:32,"iPhone7,2",10.2.1,1.1
40.8351745605,-73.9711685181,11.13671875,2017-05-08 14:36:48,"iPhone7,2",10.2.1,1.1
40.8761444092,-73.9508132935,110.380065918,2017-05-08 14:41:04,"iPhone7,2",10.2.1,1.1
40.9120407104,-73.9350738525,126.093757629,2017-05-08 14:47:28,"iPhone7,2",10.2.1,1.1
40.9463233948,-73.9230117798,133.049423218,2017-05-08 14:51:44,"iPhone7,2",10.2.1,1.1
40.9724082947,-73.947479248,17.050151825,2017-05-08 14:56:00,"iPhone7,2",10.2.1,1.1
40.9691429138,-73.952003479,16.7360649109,2017-05-08 15:23:44,"iPhone7,2",10.2.1,1.1
40.9461631775,-73.9247665405,85.9083862305,2017-05-08 15:28:00,"iPhone7,2",10.2.1,1.1
40.9097175598,-73.9273681641,82.6514892578,2017-05-08 15:32:16,"iPhone7,2",10.2.1,1.1
40.8539161682,-73.9637145996,48,2017-05-08 15:38:40,"iPhone7,2",10.2.1,1.1
40.8510971069,-73.9498519897,19.9944152832,2017-05-08 15:42:56,"iPhone7,2",10.2.1,1.1
40.8520698547,-73.9725799561,81.7563552856,2017-05-08 15:47:12,"iPhone7,2",10.2.1,1.1
40.8534011841,-73.9663543701,73.7180099487,2017-05-08 16:08:32,"iPhone7,2",10.2.1,1.1
40.8230667114,-73.9757232666,6.13919734955,2017-05-08 16:12:48,"iPhone7,2",10.2.1,1.1
40.8064994812,-73.9892654419,9.04582500458,2017-05-08 16:19:12,"iPhone7,2",10.2.1,1.1
40.8111915588,-73.9878158569,14.1625900269,2017-05-08 20:09:36,"iPhone7,2",10.2.1,1.1
40.834400177,-73.9720458984,5.26901340485,2017-05-08 20:13:52,"iPhone7,2",10.2.1,1.1
40.8545341492,-73.9644927979,79.1699523926,2017-05-08 20:18:08,"iPhone7,2",10.2.1,1.1
40.8517456055,-74.0153961182,7.20123291016,2017-05-08 20:24:32,"iPhone7,2",10.2.1,1.1
40.7809562683,-74.0558853149,9.16598510742,2017-05-08 20:28:48,"iPhone7,2",10.2.1,1.1
40.7422065735,-74.1225204468,32.7681274414,2017-05-08 20:33:04,"iPhone7,2",10.2.1,1.1
40.7115707397,-74.1686859131,-4.34698486328,2017-05-08 20:39:28,"iPhone7,2",10.2.1,1.1
40.6876487732,-74.1824111938,12.684044838,2017-05-08 20:43:44,"iPhone7,2",10.2.1,1.1
40.6876602173,-74.1817703247,15.1717777252,2017-05-08 21:11:28,"iPhone7,2",10.2.1,1.1
40.6712913513,-74.1788024902,6.44408226013,2017-05-08 23:36:32,"iPhone7,2",10.2.1,1.1
40.6866073608,-74.1801147461,10.3157815933,2017-05-08 23:42:56,"iPhone7,2",10.2.1,1.1
32.7493476868,-117.197807312,0,2017-05-09 05:07:12,"iPhone7,2",10.2.1,1.1
32.745223999,-117.179489136,33,2017-05-09 05:15:44,"iPhone7,2",10.2.1,1.1
32.7328262329,-117.197998047,1.96867620945,2017-05-09 05:22:08,"iPhone7,2",10.2.1,1.1
32.7289352417,-117.19052887,0.35890224576,2017-05-09 05:49:52,"iPhone7,2",10.2.1,1.1
32.734828949,-117.178070068,-4.30328369141,2017-05-09 05:56:16,"iPhone7,2",10.2.1,1.1
32.7391929626,-117.180023193,8.13923072815,2017-05-09 06:49:36,"iPhone7,2",10.2.1,1.1
32.7499580383,-117.195915222,-0.352416992188,2017-05-09 06:56:00,"iPhone7,2",10.2.1,1.1
32.7639198303,-117.157661438,-7.44933366776,2017-05-09 07:00:16,"iPhone7,2",10.2.1,1.1
32.7654533386,-117.152603149,20.4809570312,2017-05-09 15:13:04,"iPhone7,2",10.2.1,1.1
32.7936096191,-117.149520874,84.5622558594,2017-05-09 15:19:28,"iPhone7,2",10.2.1,1.1
32.8542671204,-117.120429993,131.278503418,2017-05-09 15:23:44,"iPhone7,2",10.2.1,1.1
32.916633606,-117.114486694,156.390625,2017-05-09 15:28:00,"iPhone7,2",10.2.1,1.1
32.9187049866,-117.122032166,134,2017-05-09 15:34:24,"iPhone7,2",10.2.1,1.1
32.9167137146,-117.117172241,148.101501465,2017-05-09 16:08:32,"iPhone7,2",10.2.1,1.1
32.8517608643,-117.124053955,128.534606934,2017-05-09 16:14:56,"iPhone7,2",10.2.1,1.1
32.7809944153,-117.139099121,62.0267944336,2017-05-09 16:19:12,"iPhone7,2",10.2.1,1.1
32.7677345276,-117.150672913,20.7717609406,2017-05-09 16:23:28,"iPhone7,2",10.2.1,1.1
32.767780304,-117.15045929,29.2077255249,2017-05-09 16:27:44,"iPhone7,2",10.2.1,1.1
32.7644615173,-117.15410614,5.78762817383,2017-05-09 16:51:12,"iPhone7,2",10.2.1,1.1
32.76222229,-117.159835815,22.8179607391,2017-05-09 16:55:28,"iPhone7,2",10.2.1,1.1
32.7643013,-117.155044556,17.2999992371,2017-05-09 19:14:08,"iPhone7,2",10.2.1,1.1
32.7605018616,-117.169616699,13.8000001907,2017-05-09 19:20:32,"iPhone7,2",10.2.1,1.1
32.7464103699,-117.151687622,91.5999984741,2017-05-09 19:24:48,"iPhone7,2",10.2.1,1.1
32.7368774414,-117.148475647,94.0999984741,2017-05-09 19:29:04,"iPhone7,2",10.2.1,1.1
32.7355575562,-117.148590088,87.8547286987,2017-05-09 20:54:24,"iPhone7,2",10.2.1,1.1
32.7334289551,-117.158699036,77.5419082642,2017-05-09 21:47:44,"iPhone7,2",10.2.1,1.1
32.7317352295,-117.150291443,76.9621582031,2017-05-09 22:06:56,"iPhone7,2",10.2.1,1.1
32.7344245911,-117.154815674,83.6304779053,2017-05-09 22:34:40,"iPhone7,2",10.2.1,1.1
32.7391777039,-117.151229858,84.9169540405,2017-05-09 22:47:28,"iPhone7,2",10.2.1,1.1
32.7335891724,-117.149749756,82.0304260254,2017-05-09 23:21:36,"iPhone7,2",10.2.1,1.1
32.7386741638,-117.148338318,88.8955993652,2017-05-10 00:23:28,"iPhone7,2",10.2.1,1.1
32.7412071228,-117.153305054,88.169052124,2017-05-10 00:27:44,"iPhone7,2",10.2.1,1.1
32.7481842041,-117.155296326,89.1950531006,2017-05-10 00:32:00,"iPhone7,2",10.2.1,1.1
32.7520561218,-117.158111572,67.2244720459,2017-05-10 00:53:20,"iPhone7,2",10.2.1,1.1
32.8139610291,-117.15738678,115.634353638,2017-05-10 00:57:36,"iPhone7,2",10.2.1,1.1
32.8241882324,-117.154594421,126.109146118,2017-05-10 01:01:52,"iPhone7,2",10.2.1,1.1
32.8236198425,-117.149230957,127.5,2017-05-10 02:25:04,"iPhone7,2",10.2.1,1.1
32.7712593079,-117.161560059,13.5,2017-05-10 02:29:20,"iPhone7,2",10.2.1,1.1
32.7631568909,-117.160217285,12.3999996185,2017-05-10 02:33:36,"iPhone7,2",10.2.1,1.1
32.7642974854,-117.154960632,13,2017-05-10 18:25:04,"iPhone7,2",10.2.1,1.1
32.758430481,-117.204566956,5.09999990463,2017-05-10 18:29:20,"iPhone7,2",10.2.1,1.1
32.7225112915,-117.149490356,46.9000015259,2017-05-10 18:33:36,"iPhone7,2",10.2.1,1.1
32.7070732117,-117.160377502,6.69999980927,2017-05-10 18:40:00,"iPhone7,2",10.2.1,1.1
32.7104034424,-117.164009094,8,2017-05-10 18:44:16,"iPhone7,2",10.2.1,1.1
32.7103614807,-117.17099762,5.40000009537,2017-05-10 18:48:32,"iPhone7,2",10.2.1,1.1
32.7070884705,-117.160850525,6.90000009537,2017-05-10 18:52:48,"iPhone7,2",10.2.1,1.1
32.7116661072,-117.160140991,16.2999992371,2017-05-10 18:59:12,"iPhone7,2",10.2.1,1.1
32.707157135,-117.160316467,13.1000003815,2017-05-10 19:07:44,"iPhone7,2",10.2.1,1.1
32.7094078064,-117.165031433,4.80000019073,2017-05-10 21:05:04,"iPhone7,2",10.2.1,1.1
32.7097129822,-117.171081543,4.09999990463,2017-05-10 21:09:20,"iPhone7,2",10.2.1,1.1
32.6953125,-117.168823242,-0.314960479736,2017-05-10 21:28:32,"iPhone7,2",10.2.1,1.1
32.7086219788,-117.170303345,3.88004684448,2017-05-10 21:34:56,"iPhone7,2",10.2.1,1.1
32.7092285156,-117.16493988,6.90000009537,2017-05-10 22:28:16,"iPhone7,2",10.2.1,1.1
32.7153549194,-117.16381073,18.2999992371,2017-05-10 22:34:40,"iPhone7,2",10.2.1,1.1
32.7261734009,-117.155647278,39.0999984741,2017-05-10 22:38:56,"iPhone7,2",10.2.1,1.1
32.7610473633,-117.168930054,11.8999996185,2017-05-10 22:43:12,"iPhone7,2",10.2.1,1.1
32.7664375305,-117.167427063,19.6000003815,2017-05-10 22:49:36,"iPhone7,2",10.2.1,1.1
32.7663421631,-117.161903381,8.10000038147,2017-05-11 01:48:48,"iPhone7,2",10.2.1,1.1
32.7618255615,-117.159889221,19.6000003815,2017-05-11 01:53:04,"iPhone7,2",10.2.1,1.1
32.7643203735,-117.155288696,19.2999992371,2017-05-11 15:53:36,"iPhone7,2",10.2.1,1.1
32.8024368286,-117.154998779,128.600006104,2017-05-11 15:57:52,"iPhone7,2",10.2.1,1.1
32.8190307617,-117.150230408,133.422225952,2017-05-11 16:04:16,"iPhone7,2",10.2.1,1.1
32.8144264221,-117.151130676,126.178359985,2017-05-11 16:36:16,"iPhone7,2",10.2.1,1.1
32.7933502197,-117.158676147,117.141929626,2017-05-11 16:42:40,"iPhone7,2",10.2.1,1.1
32.7625732422,-117.159675598,18.2531223297,2017-05-11 16:46:56,"iPhone7,2",10.2.1,1.1
32.7642822266,-117.15473175,13.6999998093,2017-05-11 17:57:20,"iPhone7,2",10.2.1,1.1
32.7639427185,-117.160263062,12.6000003815,2017-05-11 18:03:44,"iPhone7,2",10.2.1,1.1
32.76978302,-117.207145691,9.89999961853,2017-05-11 18:10:08,"iPhone7,2",10.2.1,1.1
32.7629585266,-117.231048584,-28.8999996185,2017-05-11 18:14:24,"iPhone7,2",10.2.1,1.1
32.7651481628,-117.225784302,3.90404939651,2017-05-11 20:56:32,"iPhone7,2",10.2.1,1.1
32.7617759705,-117.229362488,12.3999996185,2017-05-11 23:51:28,"iPhone7,2",10.2.1,1.1
32.7591629028,-117.207130432,9.69999980927,2017-05-11 23:55:44,"iPhone7,2",10.2.1,1.1
32.760433197,-117.195907593,13.6999998093,2017-05-12 00:02:08,"iPhone7,2",10.2.1,1.1
32.7823524475,-117.16230011,72.6999969482,2017-05-12 00:06:24,"iPhone7,2",10.2.1,1.1
32.8235931396,-117.155593872,131.100006104,2017-05-12 00:12:48,"iPhone7,2",10.2.1,1.1
32.8223075867,-117.160751343,125.099998474,2017-05-12 01:55:12,"iPhone7,2",10.2.1,1.1
32.8876113892,-117.203323364,71.6999969482,2017-05-12 02:01:36,"iPhone7,2",10.2.1,1.1
32.9563522339,-117.244758606,61.0999984741,2017-05-12 02:05:52,"iPhone7,2",10.2.1,1.1
33.022403717,-117.273338318,41.7999992371,2017-05-12 02:10:08,"iPhone7,2",10.2.1,1.1
33.0979270935,-117.306838989,26.5,2017-05-12 02:16:32,"iPhone7,2",10.2.1,1.1
33.0997772217,-117.285057068,70.4000015259,2017-05-12 02:20:48,"iPhone7,2",10.2.1,1.1
33.0982704163,-117.28604126,62.784954071,2017-05-12 04:30:56,"iPhone7,2",10.2.1,1.1
33.0982627869,-117.28604126,62.6992301941,2017-05-12 14:24:00,"iPhone7,2",10.2.1,1.1
33.0955505371,-117.30140686,67.2896881104,2017-05-12 15:02:24,"iPhone7,2",10.2.1,1.1
33.0982704163,-117.28604126,62.6987953186,2017-05-12 15:06:40,"iPhone7,2",10.2.1,1.1
33.1027603149,-117.285522461,81.6999969482,2017-05-12 18:35:44,"iPhone7,2",10.2.1,1.1
33.1039962769,-117.309951782,35.9000015259,2017-05-12 18:42:08,"iPhone7,2",10.2.1,1.1
33.1256980896,-117.325080872,17.6000003815,2017-05-12 18:46:24,"iPhone7,2",10.2.1,1.1
33.1298789978,-117.327224731,15.8000001907,2017-05-12 19:39:44,"iPhone7,2",10.2.1,1.1
33.1277885437,-117.32233429,19,2017-05-12 19:44:00,"iPhone7,2",10.2.1,1.1
33.1378517151,-117.331672668,21.9442882538,2017-05-12 20:05:20,"iPhone7,2",10.2.1,1.1
33.1278648376,-117.322280884,0,2017-05-12 21:13:36,"iPhone7,2",10.2.1,1.1
33.122756958,-117.319152832,26.2999992371,2017-05-12 21:17:52,"iPhone7,2",10.2.1,1.1
33.1210517883,-117.314193726,27.1000003815,2017-05-12 21:28:32,"iPhone7,2",10.2.1,1.1
33.1346282959,-117.329277039,24.3999996185,2017-05-12 21:34:56,"iPhone7,2",10.2.1,1.1
33.1926460266,-117.364074707,23.7999992371,2017-05-12 21:39:12,"iPhone7,2",10.2.1,1.1
33.2533226013,-117.422576904,22.7999992371,2017-05-12 21:43:28,"iPhone7,2",10.2.1,1.1
33.319480896,-117.482368469,54.5999984741,2017-05-12 21:49:52,"iPhone7,2",10.2.1,1.1
33.373336792,-117.55770874,30.5,2017-05-12 21:54:08,"iPhone7,2",10.2.1,1.1
33.4285697937,-117.611625671,82.4000015259,2017-05-12 21:58:24,"iPhone7,2",10.2.1,1.1
33.4581489563,-117.654685974,63.9000015259,2017-05-12 22:04:48,"iPhone7,2",10.2.1,1.1
33.5223884583,-117.666351318,68.5999984741,2017-05-12 22:09:04,"iPhone7,2",10.2.1,1.1
33.5830421448,-117.724319458,126,2017-05-12 22:13:20,"iPhone7,2",10.2.1,1.1
33.6140403748,-117.817619324,227.600006104,2017-05-12 22:19:44,"iPhone7,2",10.2.1,1.1
33.6060295105,-117.827186584,184.600006104,2017-05-12 22:24:00,"iPhone7,2",10.2.1,1.1
33.5835838318,-117.843231201,70.7671051025,2017-05-12 22:30:24,"iPhone7,2",10.2.1,1.1
33.5944442749,-117.860198975,76.9801330566,2017-05-13 00:00:00,"iPhone7,2",10.2.1,1.1
33.6081199646,-117.88155365,15.2513771057,2017-05-13 00:04:16,"iPhone7,2",10.2.1,1.1
33.6143341064,-117.86592865,57.6526222229,2017-05-13 02:01:36,"iPhone7,2",10.2.1,1.1
33.608165741,-117.881256104,57.6526222229,2017-05-13 02:12:16,"iPhone7,2",10.2.1,1.1
33.6146583557,-117.877075195,71.8717041016,2017-05-13 02:18:40,"iPhone7,2",10.2.1,1.1
33.5981140137,-117.873382568,79.5853271484,2017-05-13 02:22:56,"iPhone7,2",10.2.1,1.1
33.5859718323,-117.849327087,79.5853271484,2017-05-13 02:29:20,"iPhone7,2",10.2.1,1.1
33.5928153992,-117.829284668,79.5853271484,2017-05-13 02:33:36,"iPhone7,2",10.2.1,1.1
33.5805740356,-117.838623047,66.1986083984,2017-05-13 02:40:00,"iPhone7,2",10.2.1,1.1
33.5895843506,-117.850082397,66.1986083984,2017-05-13 03:52:32,"iPhone7,2",10.2.1,1.1
33.5808830261,-117.838890076,66.1986083984,2017-05-13 04:05:20,"iPhone7,2",10.2.1,1.1
33.5871925354,-117.844818115,0,2017-05-13 06:06:56,"iPhone7,2",10.2.1,1.1
33.5826148987,-117.840751648,70.716835022,2017-05-13 06:13:20,"iPhone7,2",10.2.1,1.1
33.5897140503,-117.851837158,70.5081253052,2017-05-13 17:12:32,"iPhone7,2",10.2.1,1.1
33.5826950073,-117.840774536,70.3046798706,2017-05-13 17:23:12,"iPhone7,2",10.2.1,1.1
33.5894813538,-117.834983826,13.647192955,2017-05-13 19:09:52,"iPhone7,2",10.2.1,1.1
33.6071853638,-117.830589294,180.330276489,2017-05-13 19:14:08,"iPhone7,2",10.2.1,1.1
33.6122169495,-117.865692139,35,2017-05-13 19:20:32,"iPhone7,2",10.2.1,1.1
33.6227645874,-117.860603333,73.2347412109,2017-05-13 19:46:08,"iPhone7,2",10.2.1,1.1
33.6641845703,-117.876167297,11,2017-05-13 19:50:24,"iPhone7,2",10.2.1,1.1
33.7076797485,-117.85144043,11,2017-05-13 19:56:48,"iPhone7,2",10.2.1,1.1
33.7551574707,-117.852096558,34.0132141113,2017-05-13 20:01:04,"iPhone7,2",10.2.1,1.1
33.7789764404,-117.892555237,41.7786865234,2017-05-13 20:07:28,"iPhone7,2",10.2.1,1.1
33.7672958374,-117.954185486,18.5228424072,2017-05-13 20:13:52,"iPhone7,2",10.2.1,1.1
33.7740516663,-117.964065552,24.3999996185,2017-05-13 20:18:08,"iPhone7,2",10.2.1,1.1
33.77394104,-117.955444336,20.7547969818,2017-05-13 21:54:08,"iPhone7,2",10.2.1,1.1
33.7664260864,-117.93321228,22.2628650665,2017-05-13 22:00:32,"iPhone7,2",10.2.1,1.1
33.7718162537,-117.910118103,26.9414787292,2017-05-13 22:04:48,"iPhone7,2",10.2.1,1.1
33.7815933228,-117.893165588,28.3504581451,2017-05-13 22:11:12,"iPhone7,2",10.2.1,1.1
33.8005218506,-117.878868103,48.1168556213,2017-05-13 22:15:28,"iPhone7,2",10.2.1,1.1
33.8702507019,-117.878173828,59.9171638489,2017-05-13 22:21:52,"iPhone7,2",10.2.1,1.1
33.9137535095,-117.887504578,88.3269119263,2017-05-13 22:26:08,"iPhone7,2",10.2.1,1.1
33.9139213562,-117.893417358,108.779891968,2017-05-14 00:27:44,"iPhone7,2",10.2.1,1.1
33.899055481,-117.911613464,95.950843811,2017-05-14 00:32:00,"iPhone7,2",10.2.1,1.1
33.8814506531,-117.957595825,75.4680252075,2017-05-14 00:38:24,"iPhone7,2",10.2.1,1.1
33.884475708,-117.994216919,27.459400177,2017-05-14 00:42:40,"iPhone7,2",10.2.1,1.1
33.8908195496,-117.990951538,31,2017-05-14 02:42:08,"iPhone7,2",10.2.1,1.1
33.9086074829,-117.977134705,59.2526855469,2017-05-14 02:46:24,"iPhone7,2",10.2.1,1.1
33.9155044556,-117.986099243,81.0962371826,2017-05-14 02:52:48,"iPhone7,2",10.2.1,1.1
33.9088287354,-117.970207214,105.724647522,2017-05-14 02:57:04,"iPhone7,2",10.2.1,1.1
33.9068069458,-117.975128174,105.300003052,2017-05-14 05:11:28,"iPhone7,2",10.2.1,1.1
33.8761291504,-117.998336792,25.2999992371,2017-05-14 05:15:44,"iPhone7,2",10.2.1,1.1
33.8516693115,-117.971443176,29.2999992371,2017-05-14 05:20:00,"iPhone7,2",10.2.1,1.1
33.8030471802,-117.902389526,0,2017-05-14 05:26:24,"iPhone7,2",10.2.1,1.1
33.7493019104,-117.844268799,41.2000007629,2017-05-14 05:30:40,"iPhone7,2",10.2.1,1.1
33.6912727356,-117.868759155,19.3999996185,2017-05-14 05:34:56,"iPhone7,2",10.2.1,1.1
33.6337738037,-117.863098145,51.2999992371,2017-05-14 05:41:20,"iPhone7,2",10.2.1,1.1
33.607383728,-117.859779358,90.5,2017-05-14 05:45:36,"iPhone7,2",10.2.1,1.1
33.5838890076,-117.838378906,103.599998474,2017-05-14 05:49:52,"iPhone7,2",10.2.1,1.1
33.5826873779,-117.840766907,70.2200775146,2017-05-14 06:41:04,"iPhone7,2",10.2.1,1.1
33.59167099,-117.854873657,70.7513122559,2017-05-14 11:20:32,"iPhone7,2",10.2.1,1.1
33.5826797485,-117.840766907,70.4381484985,2017-05-14 11:26:56,"iPhone7,2",10.2.1,1.1
33.5917396545,-117.854980469,70.4447097778,2017-05-14 11:54:40,"iPhone7,2",10.2.1,1.1
33.5850791931,-117.844543457,70.7188339233,2017-05-14 12:09:36,"iPhone7,2",10.2.1,1.1
33.5849609375,-117.836120605,89.6776123047,2017-05-14 23:25:52,"iPhone7,2",10.2.1,1.1
33.606880188,-117.827713013,170.482620239,2017-05-14 23:30:08,"iPhone7,2",10.2.1,1.1
33.6028022766,-117.830276489,183.179412842,2017-05-14 23:38:40,"iPhone7,2",10.2.1,1.1
33.5816688538,-117.839302063,56.80418396,2017-05-14 23:42:56,"iPhone7,2",10.2.1,1.1
33.5919075012,-117.855018616,70.3771057129,2017-05-15 03:16:16,"iPhone7,2",10.2.1,1.1
33.5826568604,-117.840782166,70.1342468262,2017-05-15 03:22:40,"iPhone7,2",10.2.1,1.1
33.5918312073,-117.854896545,70.1342468262,2017-05-15 03:29:04,"iPhone7,2",10.2.1,1.1
33.5822944641,-117.840415955,70.1255950928,2017-05-15 03:35:28,"iPhone7,2",10.2.1,1.1
33.5851249695,-117.836006165,112.800003052,2017-05-15 17:36:00,"iPhone7,2",10.2.1,1.1
33.6075553894,-117.827217102,179.061523438,2017-05-15 17:40:16,"iPhone7,2",10.2.1,1.1
33.6119651794,-117.825675964,179.600006104,2017-05-15 17:53:04,"iPhone7,2",10.2.1,1.1
33.6616859436,-117.873695374,8.5,2017-05-15 17:59:28,"iPhone7,2",10.2.1,1.1
33.6655426025,-117.894393921,17,2017-05-15 18:03:44,"iPhone7,2",10.2.1,1.1
33.7000770569,-117.859863281,12.8000001907,2017-05-15 18:08:00,"iPhone7,2",10.2.1,1.1
33.7522850037,-117.8462677,47.4000015259,2017-05-15 18:14:24,"iPhone7,2",10.2.1,1.1
33.7925605774,-117.889266968,41.2000007629,2017-05-15 18:18:40,"iPhone7,2",10.2.1,1.1
33.7991104126,-117.915077209,38.9000015259,2017-05-15 18:22:56,"iPhone7,2",10.2.1,1.1
33.8034553528,-117.909393311,37.8076705933,2017-05-15 19:29:04,"iPhone7,2",10.2.1,1.1
33.8093338013,-117.918533325,39.6997108459,2017-05-15 19:35:28,"iPhone7,2",10.2.1,1.1
33.8138961792,-117.917999268,40,2017-05-16 00:14:56,"iPhone7,2",10.2.1,1.1
33.8093147278,-117.918533325,38.0022850037,2017-05-16 03:50:24,"iPhone7,2",10.2.1,1.1
33.7977600098,-117.911689758,38.1119651794,2017-05-16 04:07:28,"iPhone7,2",10.2.1,1.1
33.8005104065,-117.916625977,38.4955024719,2017-05-16 04:16:00,"iPhone7,2",10.2.1,1.1
33.8016052246,-117.901123047,45.5,2017-05-16 04:20:16,"iPhone7,2",10.2.1,1.1
33.7442321777,-117.841674805,37,2017-05-16 04:26:40,"iPhone7,2",10.2.1,1.1
33.7343101501,-117.816055298,39.5,2017-05-16 04:30:56,"iPhone7,2",10.2.1,1.1
33.6947021484,-117.865653992,13.3999996185,2017-05-16 04:35:12,"iPhone7,2",10.2.1,1.1
33.6369934082,-117.855667114,25.7999992371,2017-05-16 04:41:36,"iPhone7,2",10.2.1,1.1
33.5936088562,-117.835388184,180.600006104,2017-05-16 04:45:52,"iPhone7,2",10.2.1,1.1
33.5829696655,-117.840362549,71.5878677368,2017-05-16 04:50:08,"iPhone7,2",10.2.1,1.1
33.5889968872,-117.858894348,66.319480896,2017-05-16 20:26:40,"iPhone7,2",10.2.1,1.1
40.7559318542,-73.9903564453,40,2017-12-04 14:06:56,"iPhone8,1",11.2.1,1
40.755897522,-73.9900817871,51.3169670105,2017-12-04 14:24:00,"iPhone8,1",11.2.1,1
40.7047233582,-73.9893035889,51.3169670105,2017-12-04 14:26:08,"iPhone8,1",11.2.1,1
40.804107666,-73.9911880493,20.8805465698,2017-12-26 00:21:20,"iPhone8,1",11.2.1,1
40.804058075,-73.9912796021,18.3941841125,2017-12-26 00:23:28,"iPhone8,1",11.2.1,1
40.8041229248,-73.9912719727,18.6661663055,2017-12-26 00:23:28,"iPhone8,1",11.2.1,1
40.8039665222,-73.9914321899,21.9698181152,2017-12-26 00:23:28,"iPhone8,1",11.2.1,1
40.8041343689,-73.991317749,17.2832012177,2017-12-26 00:23:28,"iPhone8,1",11.2.1,1
40.8040275574,-73.9910888672,17.7933616638,2018-02-15 20:18:08,"iPhone8,1",11.2.2,1
40.8040008545,-73.9910354614,17.7933616638,2018-02-15 20:22:24,"iPhone8,1",11.2.2,1
40.8039855957,-73.9911117554,17.1324234009,2018-02-15 20:22:24,"iPhone8,1",11.2.2,1
40.8041648865,-73.9912109375,15.4183263779,2018-02-21 18:20:48,"iPhone8,1",11.2.2,1
40.8041305542,-73.9911804199,15.807094574,2018-02-21 18:22:56,"iPhone8,1",11.2.2,1
40.8040847778,-73.9911499023,15.8647136688,2018-03-16 19:12:00,"iPhone8,1",11.2.2,1
40.8040504456,-73.9912490845,15.8647136688,2018-03-16 19:12:00,"iPhone8,1",11.2.2,1
40.8039932251,-73.9911422729,16.2092514038,2018-03-16 19:16:16,"iPhone8,1",11.2.2,1
